subject,X_dim,Y_dim,Z_dim,dx,dy,dz,has_nan,pix_mean_val,pix_min_val,pix_man_val,Space,Description,MRSequence,CMB_label,CMB_npix,data_type,orientation,filename,full_path
sub-301,256,256,39,1.0,1.0,3.000039,False,22.109630486904045,0.0,293.0,T2S,masked,T2S,,,float32,"('L', 'A', 'S')",sub-301_space-T2S_desc-masked_T2S.nii.gz,/datadrive_m2/jorge/data/VALDO_new/sub-301/sub-301_space-T2S_desc-masked_T2S.nii.gz
sub-301,256,256,39,1.0,1.0,3.000039,True,143.0182205136055,-39.627464294433594,1356.254150390625,T2S,masked,T1,,,float32,"('L', 'A', 'S')",sub-301_space-T2S_desc-masked_T1.nii.gz,/datadrive_m2/jorge/data/VALDO_new/sub-301/sub-301_space-T2S_desc-masked_T1.nii.gz
sub-301,256,256,39,1.0,1.0,3.000039,True,46.59334872665244,-26.19852638244629,574.7601928710938,T2S,masked,T2,,,float32,"('L', 'A', 'S')",sub-301_space-T2S_desc-masked_T2.nii.gz,/datadrive_m2/jorge/data/VALDO_new/sub-301/sub-301_space-T2S_desc-masked_T2.nii.gz
sub-301,256,256,39,1.0,1.0,3.000039,False,1.1737530048076924e-06,0.0,1.0,,,Label,1.0,3.0,float32,"('L', 'A', 'S')",sub-301_space-T2S_CMB.nii.gz,/datadrive_m2/jorge/data/VALDO_new/sub-301/sub-301_space-T2S_CMB.nii.gz
sub-104,512,512,35,0.44921872,0.44921875,4.0,False,146.22221019041066,-94.42734718322754,2389.0118837356567,T2S,masked,T2,,,float32,"('L', 'A', 'S')",sub-104_space-T2S_desc-masked_T2.nii.gz,/datadrive_m2/jorge/data/VALDO_new/sub-104/sub-104_space-T2S_desc-masked_T2.nii.gz
sub-104,512,512,35,0.44921872,0.44921875,4.0,False,52.98448243165122,0.0,876.23046875,T2S,masked,T2S,,,float32,"('L', 'A', 'S')",sub-104_space-T2S_desc-masked_T2S.nii.gz,/datadrive_m2/jorge/data/VALDO_new/sub-104/sub-104_space-T2S_desc-masked_T2S.nii.gz
sub-104,512,512,35,0.44921872,0.44921875,4.0,False,0.0,0.0,0.0,,,Label,,,float32,"('L', 'A', 'S')",sub-104_space-T2S_CMB.nii.gz,/datadrive_m2/jorge/data/VALDO_new/sub-104/sub-104_space-T2S_CMB.nii.gz
sub-104,512,512,35,0.44921872,0.44921875,4.0,True,242.04703975257914,-336.8851476733107,3827.689740760252,T2S,masked,T1,,,float32,"('L', 'A', 'S')",sub-104_space-T2S_desc-masked_T1.nii.gz,/datadrive_m2/jorge/data/VALDO_new/sub-104/sub-104_space-T2S_desc-masked_T1.nii.gz
sub-209,512,512,192,0.488281,0.488281,0.8,False,0.0,0.0,0.0,,,Label,,,float32,"('L', 'A', 'S')",sub-209_space-T2S_CMB.nii.gz,/datadrive_m2/jorge/data/VALDO_new/sub-209/sub-209_space-T2S_CMB.nii.gz
sub-209,512,512,192,0.488281,0.488281,0.8,False,2766.7823426123446,0.0,66050.40625,T2S,masked,T2S,,,float32,"('L', 'A', 'S')",sub-209_space-T2S_desc-masked_T2S.nii.gz,/datadrive_m2/jorge/data/VALDO_new/sub-209/sub-209_space-T2S_desc-masked_T2S.nii.gz
sub-209,512,512,192,0.488281,0.488281,0.8,False,12759.35389995575,0.0,65535.0,T2S,masked,T2,,,float32,"('L', 'A', 'S')",sub-209_space-T2S_desc-masked_T2.nii.gz,/datadrive_m2/jorge/data/VALDO_new/sub-209/sub-209_space-T2S_desc-masked_T2.nii.gz
sub-209,512,512,192,0.488281,0.488281,0.8,False,105.56780021547861,-89.0189208984375,3812.502356249839,T2S,masked,T1,,,int16,"('L', 'A', 'S')",sub-209_space-T2S_desc-masked_T1.nii.gz,/datadrive_m2/jorge/data/VALDO_new/sub-209/sub-209_space-T2S_desc-masked_T1.nii.gz
sub-307,256,256,39,1.0,1.0,2.9995742,False,17.435638036483372,0.0,258.0,T2S,masked,T2S,,,float32,"('L', 'A', 'S')",sub-307_space-T2S_desc-masked_T2S.nii.gz,/datadrive_m2/jorge/data/VALDO_new/sub-307/sub-307_space-T2S_desc-masked_T2S.nii.gz
sub-307,256,256,39,1.0,1.0,2.9995742,True,38.543375501255525,-20.837736129760742,470.6170349121094,T2S,masked,T2,,,float32,"('L', 'A', 'S')",sub-307_space-T2S_desc-masked_T2.nii.gz,/datadrive_m2/jorge/data/VALDO_new/sub-307/sub-307_space-T2S_desc-masked_T2.nii.gz
sub-307,256,256,39,1.0,1.0,2.9995742,False,1.5650040064102564e-06,0.0,1.0,,,Label,1.0,4.0,uint16,"('L', 'A', 'S')",sub-307_space-T2S_CMB.nii.gz,/datadrive_m2/jorge/data/VALDO_new/sub-307/sub-307_space-T2S_CMB.nii.gz
sub-307,256,256,39,1.0,1.0,2.9995742,True,99.60070450125247,-35.38016128540039,1025.8988037109375,T2S,masked,T1,,,float32,"('L', 'A', 'S')",sub-307_space-T2S_desc-masked_T1.nii.gz,/datadrive_m2/jorge/data/VALDO_new/sub-307/sub-307_space-T2S_desc-masked_T1.nii.gz
sub-231,512,512,192,0.488281,0.488281,0.8,False,0.0,0.0,0.0,,,Label,,,float32,"('L', 'A', 'S')",sub-231_space-T2S_CMB.nii.gz,/datadrive_m2/jorge/data/VALDO_new/sub-231/sub-231_space-T2S_CMB.nii.gz
sub-231,512,512,192,0.488281,0.488281,0.8,False,142.52479687967624,-130.709228515625,7134.65598333627,T2S,masked,T1,,,int16,"('L', 'A', 'S')",sub-231_space-T2S_desc-masked_T1.nii.gz,/datadrive_m2/jorge/data/VALDO_new/sub-231/sub-231_space-T2S_desc-masked_T1.nii.gz
sub-231,512,512,192,0.488281,0.488281,0.8,False,10872.57901742061,0.0,65535.0,T2S,masked,T2,,,float32,"('L', 'A', 'S')",sub-231_space-T2S_desc-masked_T2.nii.gz,/datadrive_m2/jorge/data/VALDO_new/sub-231/sub-231_space-T2S_desc-masked_T2.nii.gz
sub-231,512,512,192,0.488281,0.488281,0.8,False,3280.7826185289996,0.0,74729.734375,T2S,masked,T2S,,,float32,"('L', 'A', 'S')",sub-231_space-T2S_desc-masked_T2S.nii.gz,/datadrive_m2/jorge/data/VALDO_new/sub-231/sub-231_space-T2S_desc-masked_T2S.nii.gz
sub-214,512,512,192,0.488281,0.488281,0.8,False,0.0,0.0,0.0,,,Label,,,float32,"('L', 'A', 'S')",sub-214_space-T2S_CMB.nii.gz,/datadrive_m2/jorge/data/VALDO_new/sub-214/sub-214_space-T2S_CMB.nii.gz
sub-214,512,512,192,0.488281,0.488281,0.8,False,3194.1234101508726,0.0,74292.2109375,T2S,masked,T2S,,,float32,"('L', 'A', 'S')",sub-214_space-T2S_desc-masked_T2S.nii.gz,/datadrive_m2/jorge/data/VALDO_new/sub-214/sub-214_space-T2S_desc-masked_T2S.nii.gz
sub-214,512,512,192,0.488281,0.488281,0.8,False,9995.844712654749,0.0,65535.0,T2S,masked,T2,,,float32,"('L', 'A', 'S')",sub-214_space-T2S_desc-masked_T2.nii.gz,/datadrive_m2/jorge/data/VALDO_new/sub-214/sub-214_space-T2S_desc-masked_T2.nii.gz
sub-214,512,512,192,0.488281,0.488281,0.8,False,119.35508364308244,-104.46728515625,3112.1594135165215,T2S,masked,T1,,,int16,"('L', 'A', 'S')",sub-214_space-T2S_desc-masked_T1.nii.gz,/datadrive_m2/jorge/data/VALDO_new/sub-214/sub-214_space-T2S_desc-masked_T1.nii.gz
sub-223,512,512,192,0.488281,0.488281,0.8,False,5.563100179036459e-07,0.0,1.0,,,Label,1.0,28.0,float32,"('L', 'A', 'S')",sub-223_space-T2S_CMB.nii.gz,/datadrive_m2/jorge/data/VALDO_new/sub-223/sub-223_space-T2S_CMB.nii.gz
sub-223,512,512,192,0.488281,0.488281,0.8,False,3335.240780528375,0.0,63001.765625,T2S,masked,T2S,,,float32,"('L', 'A', 'S')",sub-223_space-T2S_desc-masked_T2S.nii.gz,/datadrive_m2/jorge/data/VALDO_new/sub-223/sub-223_space-T2S_desc-masked_T2S.nii.gz
sub-223,512,512,192,0.488281,0.488281,0.8,False,143.18685715086352,-101.25927734375,7258.128913871944,T2S,masked,T1,,,int16,"('L', 'A', 'S')",sub-223_space-T2S_desc-masked_T1.nii.gz,/datadrive_m2/jorge/data/VALDO_new/sub-223/sub-223_space-T2S_desc-masked_T1.nii.gz
sub-223,512,512,192,0.488281,0.488281,0.8,False,13283.141091326872,0.0,65535.0,T2S,masked,T2,,,float32,"('L', 'A', 'S')",sub-223_space-T2S_desc-masked_T2.nii.gz,/datadrive_m2/jorge/data/VALDO_new/sub-223/sub-223_space-T2S_desc-masked_T2.nii.gz
sub-213,512,512,192,0.488281,0.488281,0.8,False,120.21791962879801,-79.7979736328125,2984.154296889901,T2S,masked,T1,,,int16,"('L', 'A', 'S')",sub-213_space-T2S_desc-masked_T1.nii.gz,/datadrive_m2/jorge/data/VALDO_new/sub-213/sub-213_space-T2S_desc-masked_T1.nii.gz
sub-213,512,512,192,0.488281,0.488281,0.8,False,3378.3933505868094,0.0,65800.1484375,T2S,masked,T2S,,,float32,"('L', 'A', 'S')",sub-213_space-T2S_desc-masked_T2S.nii.gz,/datadrive_m2/jorge/data/VALDO_new/sub-213/sub-213_space-T2S_desc-masked_T2S.nii.gz
sub-213,512,512,192,0.488281,0.488281,0.8,False,3.3775965372721356e-07,0.0,1.0,,,Label,1.0,17.0,float32,"('L', 'A', 'S')",sub-213_space-T2S_CMB.nii.gz,/datadrive_m2/jorge/data/VALDO_new/sub-213/sub-213_space-T2S_CMB.nii.gz
sub-213,512,512,192,0.488281,0.488281,0.8,False,11402.293883681297,0.0,65535.0,T2S,masked,T2,,,float32,"('L', 'A', 'S')",sub-213_space-T2S_desc-masked_T2.nii.gz,/datadrive_m2/jorge/data/VALDO_new/sub-213/sub-213_space-T2S_desc-masked_T2.nii.gz
sub-109,512,512,35,0.44921875,0.44921875,3.9999998,False,46.86558969776545,0.0,1031.220458984375,T2S,masked,T2S,,,float32,"('L', 'A', 'S')",sub-109_space-T2S_desc-masked_T2S.nii.gz,/datadrive_m2/jorge/data/VALDO_new/sub-109/sub-109_space-T2S_desc-masked_T2S.nii.gz
sub-109,512,512,35,0.44921875,0.44921875,3.9999998,False,51.83283891993051,-18.340415954589844,1467.2332763671875,T2S,masked,T1,,,float32,"('L', 'A', 'S')",sub-109_space-T2S_desc-masked_T1.nii.gz,/datadrive_m2/jorge/data/VALDO_new/sub-109/sub-109_space-T2S_desc-masked_T1.nii.gz
sub-109,512,512,35,0.44921875,0.44921875,3.9999998,False,126.31899871191646,-160.47863960266113,2466.785945892334,T2S,masked,T2,,,float32,"('L', 'A', 'S')",sub-109_space-T2S_desc-masked_T2.nii.gz,/datadrive_m2/jorge/data/VALDO_new/sub-109/sub-109_space-T2S_desc-masked_T2.nii.gz
sub-109,512,512,35,0.44921875,0.44921875,4.0,False,0.0,0.0,0.0,,,Label,,,float64,"('L', 'A', 'S')",sub-109_space-T2S_CMB.nii.gz,/datadrive_m2/jorge/data/VALDO_new/sub-109/sub-109_space-T2S_CMB.nii.gz
sub-225,512,512,192,0.488281,0.488281,0.8,False,121.00658971023337,-76.166748046875,5402.107080727816,T2S,masked,T1,,,int16,"('L', 'A', 'S')",sub-225_space-T2S_desc-masked_T1.nii.gz,/datadrive_m2/jorge/data/VALDO_new/sub-225/sub-225_space-T2S_desc-masked_T1.nii.gz
sub-225,512,512,192,0.488281,0.488281,0.8,False,3271.1017804829157,0.0,81597.4609375,T2S,masked,T2S,,,float32,"('L', 'A', 'S')",sub-225_space-T2S_desc-masked_T2S.nii.gz,/datadrive_m2/jorge/data/VALDO_new/sub-225/sub-225_space-T2S_desc-masked_T2S.nii.gz
sub-225,512,512,192,0.488281,0.488281,0.8,False,12371.765911459923,0.0,65535.0,T2S,masked,T2,,,float32,"('L', 'A', 'S')",sub-225_space-T2S_desc-masked_T2.nii.gz,/datadrive_m2/jorge/data/VALDO_new/sub-225/sub-225_space-T2S_desc-masked_T2.nii.gz
sub-225,512,512,192,0.488281,0.488281,0.8,False,0.0,0.0,0.0,,,Label,,,float32,"('L', 'A', 'S')",sub-225_space-T2S_CMB.nii.gz,/datadrive_m2/jorge/data/VALDO_new/sub-225/sub-225_space-T2S_CMB.nii.gz
sub-102,512,512,35,0.44921878,0.44921875,4.0,False,160.57861553120486,-104.42393636703491,2242.844546318054,T2S,masked,T2,,,float32,"('L', 'A', 'S')",sub-102_space-T2S_desc-masked_T2.nii.gz,/datadrive_m2/jorge/data/VALDO_new/sub-102/sub-102_space-T2S_desc-masked_T2.nii.gz
sub-102,512,512,35,0.44921875,0.44921875,4.0,False,7.1934291294642856e-06,0.0,1.0,,,Label,1.0,66.0,float64,"('L', 'A', 'S')",sub-102_space-T2S_CMB.nii.gz,/datadrive_m2/jorge/data/VALDO_new/sub-102/sub-102_space-T2S_CMB.nii.gz
sub-102,512,512,35,0.44921878,0.44921875,4.0,True,188.84680744821358,-405.68807406944325,3163.0307291753707,T2S,masked,T1,,,float32,"('L', 'A', 'S')",sub-102_space-T2S_desc-masked_T1.nii.gz,/datadrive_m2/jorge/data/VALDO_new/sub-102/sub-102_space-T2S_desc-masked_T1.nii.gz
sub-102,512,512,35,0.44921878,0.44921875,4.0,False,58.8764128868069,0.0,902.31787109375,T2S,masked,T2S,,,float32,"('L', 'A', 'S')",sub-102_space-T2S_desc-masked_T2S.nii.gz,/datadrive_m2/jorge/data/VALDO_new/sub-102/sub-102_space-T2S_desc-masked_T2S.nii.gz
sub-324,256,256,39,1.0,1.0,3.000017,False,20.893121963892227,0.0,234.0,T2S,masked,T2S,,,float32,"('L', 'A', 'S')",sub-324_space-T2S_desc-masked_T2S.nii.gz,/datadrive_m2/jorge/data/VALDO_new/sub-324/sub-324_space-T2S_desc-masked_T2S.nii.gz
sub-324,256,256,39,1.0,1.0,3.000017,True,117.37112489839096,-29.841978073120117,1107.8310546875,T2S,masked,T1,,,float32,"('L', 'A', 'S')",sub-324_space-T2S_desc-masked_T1.nii.gz,/datadrive_m2/jorge/data/VALDO_new/sub-324/sub-324_space-T2S_desc-masked_T1.nii.gz
sub-324,256,256,39,1.0,1.0,3.000017,True,50.36543755542044,-22.231826782226562,526.118896484375,T2S,masked,T2,,,float32,"('L', 'A', 'S')",sub-324_space-T2S_desc-masked_T2.nii.gz,/datadrive_m2/jorge/data/VALDO_new/sub-324/sub-324_space-T2S_desc-masked_T2.nii.gz
sub-324,256,256,39,1.0,1.0,3.000017,False,3.912510016025641e-06,0.0,1.0,,,Label,1.0,10.0,uint16,"('L', 'A', 'S')",sub-324_space-T2S_CMB.nii.gz,/datadrive_m2/jorge/data/VALDO_new/sub-324/sub-324_space-T2S_CMB.nii.gz
sub-304,256,256,39,1.0,1.0,4.000064,False,28.955623528896233,0.0,664.0,T2S,masked,T2S,,,float32,"('L', 'A', 'S')",sub-304_space-T2S_desc-masked_T2S.nii.gz,/datadrive_m2/jorge/data/VALDO_new/sub-304/sub-304_space-T2S_desc-masked_T2S.nii.gz
sub-304,256,256,39,1.0,1.0,4.000064,True,174.06507483887384,-48.65382385253906,1592.04052734375,T2S,masked,T1,,,float32,"('L', 'A', 'S')",sub-304_space-T2S_desc-masked_T1.nii.gz,/datadrive_m2/jorge/data/VALDO_new/sub-304/sub-304_space-T2S_desc-masked_T1.nii.gz
sub-304,256,256,39,1.0,1.0,4.000064,True,72.63973920265278,-46.10730743408203,1002.2581787109375,T2S,masked,T2,,,float32,"('L', 'A', 'S')",sub-304_space-T2S_desc-masked_T2.nii.gz,/datadrive_m2/jorge/data/VALDO_new/sub-304/sub-304_space-T2S_desc-masked_T2.nii.gz
sub-304,256,256,39,1.0,1.0,4.000064,False,2.7387570112179487e-06,0.0,1.0,,,Label,1.0,7.0,uint16,"('L', 'A', 'S')",sub-304_space-T2S_CMB.nii.gz,/datadrive_m2/jorge/data/VALDO_new/sub-304/sub-304_space-T2S_CMB.nii.gz
sub-211,512,512,192,0.488281,0.488281,0.8,False,13934.424976408482,0.0,65535.0,T2S,masked,T2,,,float32,"('L', 'A', 'S')",sub-211_space-T2S_desc-masked_T2.nii.gz,/datadrive_m2/jorge/data/VALDO_new/sub-211/sub-211_space-T2S_desc-masked_T2.nii.gz
sub-211,512,512,192,0.488281,0.488281,0.8,False,0.0,0.0,0.0,,,Label,,,float32,"('L', 'A', 'S')",sub-211_space-T2S_CMB.nii.gz,/datadrive_m2/jorge/data/VALDO_new/sub-211/sub-211_space-T2S_CMB.nii.gz
sub-211,512,512,192,0.488281,0.488281,0.8,False,3095.621699403427,0.0,71021.484375,T2S,masked,T2S,,,float32,"('L', 'A', 'S')",sub-211_space-T2S_desc-masked_T2S.nii.gz,/datadrive_m2/jorge/data/VALDO_new/sub-211/sub-211_space-T2S_desc-masked_T2S.nii.gz
sub-211,512,512,192,0.488281,0.488281,0.8,False,118.08918482263975,-93.5692138671875,3616.823876194656,T2S,masked,T1,,,int16,"('L', 'A', 'S')",sub-211_space-T2S_desc-masked_T1.nii.gz,/datadrive_m2/jorge/data/VALDO_new/sub-211/sub-211_space-T2S_desc-masked_T1.nii.gz
sub-110,512,512,35,0.44921878,0.44921878,4.0,False,68.03831878368733,-29.97802233695984,1209.1135675907135,T2S,masked,T1,,,float32,"('L', 'A', 'S')",sub-110_space-T2S_desc-masked_T1.nii.gz,/datadrive_m2/jorge/data/VALDO_new/sub-110/sub-110_space-T2S_desc-masked_T1.nii.gz
sub-110,512,512,35,0.44921875,0.44921875,4.0,False,0.00018779209681919643,0.0,1.0,,,Label,1.0,1723.0,float64,"('L', 'A', 'S')",sub-110_space-T2S_CMB.nii.gz,/datadrive_m2/jorge/data/VALDO_new/sub-110/sub-110_space-T2S_CMB.nii.gz
sub-110,512,512,35,0.44921878,0.44921878,4.0,False,160.2833307267284,-66.61782741546631,2331.623959541321,T2S,masked,T2,,,float32,"('L', 'A', 'S')",sub-110_space-T2S_desc-masked_T2.nii.gz,/datadrive_m2/jorge/data/VALDO_new/sub-110/sub-110_space-T2S_desc-masked_T2.nii.gz
sub-110,512,512,35,0.44921878,0.44921878,4.0,False,65.33300274232668,0.0,1011.271240234375,T2S,masked,T2S,,,float32,"('L', 'A', 'S')",sub-110_space-T2S_desc-masked_T2S.nii.gz,/datadrive_m2/jorge/data/VALDO_new/sub-110/sub-110_space-T2S_desc-masked_T2S.nii.gz
sub-325,256,256,36,1.0,1.0,3.9995587,False,1.6106499565972223e-05,0.0,1.0,,,Label,1.0,38.0,uint16,"('L', 'A', 'S')",sub-325_space-T2S_CMB.nii.gz,/datadrive_m2/jorge/data/VALDO_new/sub-325/sub-325_space-T2S_CMB.nii.gz
sub-325,256,256,36,1.0,1.0,3.9995587,False,18.969019571940105,0.0,241.0,T2S,masked,T2S,,,float32,"('L', 'A', 'S')",sub-325_space-T2S_desc-masked_T2S.nii.gz,/datadrive_m2/jorge/data/VALDO_new/sub-325/sub-325_space-T2S_desc-masked_T2S.nii.gz
sub-325,256,256,36,1.0,1.0,3.9995587,True,46.693974375423515,-27.318445205688477,569.9780883789062,T2S,masked,T2,,,float32,"('L', 'A', 'S')",sub-325_space-T2S_desc-masked_T2.nii.gz,/datadrive_m2/jorge/data/VALDO_new/sub-325/sub-325_space-T2S_desc-masked_T2.nii.gz
sub-325,256,256,36,1.0,1.0,3.9995587,True,109.77760341782901,-38.63337326049805,1149.8824462890625,T2S,masked,T1,,,float32,"('L', 'A', 'S')",sub-325_space-T2S_desc-masked_T1.nii.gz,/datadrive_m2/jorge/data/VALDO_new/sub-325/sub-325_space-T2S_desc-masked_T1.nii.gz
sub-311,256,256,39,1.0,1.0,2.9999073,False,35.55050267928686,0.0,429.0,T2S,masked,T2S,,,float32,"('L', 'A', 'S')",sub-311_space-T2S_desc-masked_T2S.nii.gz,/datadrive_m2/jorge/data/VALDO_new/sub-311/sub-311_space-T2S_desc-masked_T2S.nii.gz
sub-311,256,256,39,1.0,1.0,2.9999073,False,1.134627904647436e-05,0.0,1.0,,,Label,1.0,29.0,uint16,"('L', 'A', 'S')",sub-311_space-T2S_CMB.nii.gz,/datadrive_m2/jorge/data/VALDO_new/sub-311/sub-311_space-T2S_CMB.nii.gz
sub-311,256,256,39,1.0,1.0,2.9999073,True,188.11376739874763,-54.154273986816406,1981.510986328125,T2S,masked,T1,,,float32,"('L', 'A', 'S')",sub-311_space-T2S_desc-masked_T1.nii.gz,/datadrive_m2/jorge/data/VALDO_new/sub-311/sub-311_space-T2S_desc-masked_T1.nii.gz
sub-311,256,256,39,1.0,1.0,2.9999073,True,78.76251264479089,-30.2879695892334,810.66162109375,T2S,masked,T2,,,float32,"('L', 'A', 'S')",sub-311_space-T2S_desc-masked_T2.nii.gz,/datadrive_m2/jorge/data/VALDO_new/sub-311/sub-311_space-T2S_desc-masked_T2.nii.gz
sub-309,256,256,39,1.0,1.0,3.0004234,False,2.3475060096153847e-06,0.0,1.0,,,Label,1.0,6.0,uint16,"('L', 'A', 'S')",sub-309_space-T2S_CMB.nii.gz,/datadrive_m2/jorge/data/VALDO_new/sub-309/sub-309_space-T2S_CMB.nii.gz
sub-309,256,256,39,1.0,1.0,3.0004234,True,68.96679846141835,-27.889219284057617,731.5203857421875,T2S,masked,T1,,,float32,"('L', 'A', 'S')",sub-309_space-T2S_desc-masked_T1.nii.gz,/datadrive_m2/jorge/data/VALDO_new/sub-309/sub-309_space-T2S_desc-masked_T1.nii.gz
sub-309,256,256,39,1.0,1.0,3.0004234,True,25.1754663370234,-15.584027290344238,352.5375671386719,T2S,masked,T2,,,float32,"('L', 'A', 'S')",sub-309_space-T2S_desc-masked_T2.nii.gz,/datadrive_m2/jorge/data/VALDO_new/sub-309/sub-309_space-T2S_desc-masked_T2.nii.gz
sub-309,256,256,39,1.0,1.0,3.0004234,False,11.406378721579527,0.0,156.0,T2S,masked,T2S,,,float32,"('L', 'A', 'S')",sub-309_space-T2S_desc-masked_T2S.nii.gz,/datadrive_m2/jorge/data/VALDO_new/sub-309/sub-309_space-T2S_desc-masked_T2S.nii.gz
sub-218,512,512,192,0.488281,0.488281,0.8,False,3537.723831628391,0.0,70285.921875,T2S,masked,T2S,,,float32,"('L', 'A', 'S')",sub-218_space-T2S_desc-masked_T2S.nii.gz,/datadrive_m2/jorge/data/VALDO_new/sub-218/sub-218_space-T2S_desc-masked_T2S.nii.gz
sub-218,512,512,192,0.488281,0.488281,0.8,False,141.6455825935551,-152.41552734375,5417.779750362039,T2S,masked,T1,,,int16,"('L', 'A', 'S')",sub-218_space-T2S_desc-masked_T1.nii.gz,/datadrive_m2/jorge/data/VALDO_new/sub-218/sub-218_space-T2S_desc-masked_T1.nii.gz
sub-218,512,512,192,0.488281,0.488281,0.8,False,13380.185693979263,0.0,65535.0,T2S,masked,T2,,,float32,"('L', 'A', 'S')",sub-218_space-T2S_desc-masked_T2.nii.gz,/datadrive_m2/jorge/data/VALDO_new/sub-218/sub-218_space-T2S_desc-masked_T2.nii.gz
sub-218,512,512,192,0.488281,0.488281,0.8,False,1.809994379679362e-05,0.0,1.0,,,Label,1.0,911.0,float32,"('L', 'A', 'S')",sub-218_space-T2S_CMB.nii.gz,/datadrive_m2/jorge/data/VALDO_new/sub-218/sub-218_space-T2S_CMB.nii.gz
sub-302,256,256,39,1.0,1.0,3.0000434,True,141.6361315836535,-32.51437759399414,1308.7122802734375,T2S,masked,T1,,,float32,"('L', 'A', 'S')",sub-302_space-T2S_desc-masked_T1.nii.gz,/datadrive_m2/jorge/data/VALDO_new/sub-302/sub-302_space-T2S_desc-masked_T1.nii.gz
sub-302,256,256,39,1.0,1.0,3.0000434,True,55.83277872155821,-24.418193817138672,670.1776733398438,T2S,masked,T2,,,float32,"('L', 'A', 'S')",sub-302_space-T2S_desc-masked_T2.nii.gz,/datadrive_m2/jorge/data/VALDO_new/sub-302/sub-302_space-T2S_desc-masked_T2.nii.gz
sub-302,256,256,39,1.0,1.0,3.0000434,False,1.0955028044871795e-05,0.0,1.0,,,Label,1.0,28.0,uint16,"('L', 'A', 'S')",sub-302_space-T2S_CMB.nii.gz,/datadrive_m2/jorge/data/VALDO_new/sub-302/sub-302_space-T2S_CMB.nii.gz
sub-302,256,256,39,1.0,1.0,3.0000434,False,23.855906951121796,0.0,352.0,T2S,masked,T2S,,,float32,"('L', 'A', 'S')",sub-302_space-T2S_desc-masked_T2S.nii.gz,/datadrive_m2/jorge/data/VALDO_new/sub-302/sub-302_space-T2S_desc-masked_T2S.nii.gz
sub-318,256,256,39,1.0,1.0,2.9999623,True,28.77744926253165,-19.56194305419922,447.5619201660156,T2S,masked,T2,,,float32,"('L', 'A', 'S')",sub-318_space-T2S_desc-masked_T2.nii.gz,/datadrive_m2/jorge/data/VALDO_new/sub-318/sub-318_space-T2S_desc-masked_T2.nii.gz
sub-318,256,256,39,1.0,1.0,2.9999623,True,75.90107464293848,-31.828859329223633,862.2547607421875,T2S,masked,T1,,,float32,"('L', 'A', 'S')",sub-318_space-T2S_desc-masked_T1.nii.gz,/datadrive_m2/jorge/data/VALDO_new/sub-318/sub-318_space-T2S_desc-masked_T1.nii.gz
sub-318,256,256,39,1.0,1.0,2.9999623,False,12.930045103415464,0.0,193.0,T2S,masked,T2S,,,float32,"('L', 'A', 'S')",sub-318_space-T2S_desc-masked_T2S.nii.gz,/datadrive_m2/jorge/data/VALDO_new/sub-318/sub-318_space-T2S_desc-masked_T2S.nii.gz
sub-318,256,256,39,1.0,1.0,2.9999623,False,1.5650040064102564e-06,0.0,1.0,,,Label,1.0,4.0,uint16,"('L', 'A', 'S')",sub-318_space-T2S_CMB.nii.gz,/datadrive_m2/jorge/data/VALDO_new/sub-318/sub-318_space-T2S_CMB.nii.gz
sub-226,512,512,192,0.488281,0.488281,0.8,False,0.0,0.0,0.0,,,Label,,,float32,"('L', 'A', 'S')",sub-226_space-T2S_CMB.nii.gz,/datadrive_m2/jorge/data/VALDO_new/sub-226/sub-226_space-T2S_CMB.nii.gz
sub-226,512,512,192,0.488281,0.488281,0.8,False,12592.067417919636,0.0,65535.0,T2S,masked,T2,,,float32,"('L', 'A', 'S')",sub-226_space-T2S_desc-masked_T2.nii.gz,/datadrive_m2/jorge/data/VALDO_new/sub-226/sub-226_space-T2S_desc-masked_T2.nii.gz
sub-226,512,512,192,0.488281,0.488281,0.8,False,2923.0485348772477,0.0,72877.765625,T2S,masked,T2S,,,float32,"('L', 'A', 'S')",sub-226_space-T2S_desc-masked_T2S.nii.gz,/datadrive_m2/jorge/data/VALDO_new/sub-226/sub-226_space-T2S_desc-masked_T2S.nii.gz
sub-226,512,512,192,0.488281,0.488281,0.8,False,80.06383778135991,-49.3248291015625,2564.7561321891844,T2S,masked,T1,,,int16,"('L', 'A', 'S')",sub-226_space-T2S_desc-masked_T1.nii.gz,/datadrive_m2/jorge/data/VALDO_new/sub-226/sub-226_space-T2S_desc-masked_T1.nii.gz
sub-222,512,512,192,0.488281,0.488281,0.8,False,3138.621468280379,0.0,72814.1171875,T2S,masked,T2S,,,float32,"('L', 'A', 'S')",sub-222_space-T2S_desc-masked_T2S.nii.gz,/datadrive_m2/jorge/data/VALDO_new/sub-222/sub-222_space-T2S_desc-masked_T2S.nii.gz
sub-222,512,512,192,0.488281,0.488281,0.8,False,15677.769945085049,0.0,65535.0,T2S,masked,T2,,,float32,"('L', 'A', 'S')",sub-222_space-T2S_desc-masked_T2.nii.gz,/datadrive_m2/jorge/data/VALDO_new/sub-222/sub-222_space-T2S_desc-masked_T2.nii.gz
sub-222,512,512,192,0.488281,0.488281,0.8,False,9.278456370035807e-06,0.0,1.0,,,Label,1.0,467.0,uint16,"('L', 'A', 'S')",sub-222_space-T2S_CMB.nii.gz,/datadrive_m2/jorge/data/VALDO_new/sub-222/sub-222_space-T2S_CMB.nii.gz
sub-222,512,512,192,0.488281,0.488281,0.8,False,115.85736529885195,-69.599853515625,4402.196169063449,T2S,masked,T1,,,int16,"('L', 'A', 'S')",sub-222_space-T2S_desc-masked_T1.nii.gz,/datadrive_m2/jorge/data/VALDO_new/sub-222/sub-222_space-T2S_desc-masked_T1.nii.gz
sub-327,256,256,39,1.0,1.0,3.0000508,False,18.641573392427883,0.0,253.0,T2S,masked,T2S,,,float32,"('L', 'A', 'S')",sub-327_space-T2S_desc-masked_T2S.nii.gz,/datadrive_m2/jorge/data/VALDO_new/sub-327/sub-327_space-T2S_desc-masked_T2S.nii.gz
sub-327,256,256,39,1.0,1.0,3.0000508,True,105.17314527421875,-35.464393615722656,1177.2022705078125,T2S,masked,T1,,,float32,"('L', 'A', 'S')",sub-327_space-T2S_desc-masked_T1.nii.gz,/datadrive_m2/jorge/data/VALDO_new/sub-327/sub-327_space-T2S_desc-masked_T1.nii.gz
sub-327,256,256,39,1.0,1.0,3.0000508,True,41.708430936049396,-26.342655181884766,548.0604858398438,T2S,masked,T2,,,float32,"('L', 'A', 'S')",sub-327_space-T2S_desc-masked_T2.nii.gz,/datadrive_m2/jorge/data/VALDO_new/sub-327/sub-327_space-T2S_desc-masked_T2.nii.gz
sub-327,256,256,39,1.0,1.0,3.0000508,False,1.5650040064102564e-06,0.0,1.0,,,Label,1.0,4.0,uint16,"('L', 'A', 'S')",sub-327_space-T2S_CMB.nii.gz,/datadrive_m2/jorge/data/VALDO_new/sub-327/sub-327_space-T2S_CMB.nii.gz
sub-303,256,256,49,1.0,1.0,3.000011,False,1.2456154336734693e-06,0.0,1.0,,,Label,1.0,4.0,uint16,"('L', 'A', 'S')",sub-303_space-T2S_CMB.nii.gz,/datadrive_m2/jorge/data/VALDO_new/sub-303/sub-303_space-T2S_CMB.nii.gz
sub-303,256,256,49,1.0,1.0,3.000011,False,15.963119818239797,0.0,254.0,T2S,masked,T2S,,,float32,"('L', 'A', 'S')",sub-303_space-T2S_desc-masked_T2S.nii.gz,/datadrive_m2/jorge/data/VALDO_new/sub-303/sub-303_space-T2S_desc-masked_T2S.nii.gz
sub-303,256,256,49,1.0,1.0,3.000011,True,97.1357424185009,-44.077213287353516,1155.2799072265625,T2S,masked,T1,,,float32,"('L', 'A', 'S')",sub-303_space-T2S_desc-masked_T1.nii.gz,/datadrive_m2/jorge/data/VALDO_new/sub-303/sub-303_space-T2S_desc-masked_T1.nii.gz
sub-303,256,256,49,1.0,1.0,3.000011,True,35.476978470980846,-22.523420333862305,570.044189453125,T2S,masked,T2,,,float32,"('L', 'A', 'S')",sub-303_space-T2S_desc-masked_T2.nii.gz,/datadrive_m2/jorge/data/VALDO_new/sub-303/sub-303_space-T2S_desc-masked_T2.nii.gz
sub-224,512,512,192,0.488281,0.488281,0.8,False,10540.213255167007,0.0,65535.0,T2S,masked,T2,,,float32,"('L', 'A', 'S')",sub-224_space-T2S_desc-masked_T2.nii.gz,/datadrive_m2/jorge/data/VALDO_new/sub-224/sub-224_space-T2S_desc-masked_T2.nii.gz
sub-224,512,512,192,0.488281,0.488281,0.8,False,3073.321390000321,0.0,85438.0234375,T2S,masked,T2S,,,float32,"('L', 'A', 'S')",sub-224_space-T2S_desc-masked_T2S.nii.gz,/datadrive_m2/jorge/data/VALDO_new/sub-224/sub-224_space-T2S_desc-masked_T2S.nii.gz
sub-224,512,512,192,0.488281,0.488281,0.8,False,116.11743599248081,-126.068115234375,6342.613452449441,T2S,masked,T1,,,int16,"('L', 'A', 'S')",sub-224_space-T2S_desc-masked_T1.nii.gz,/datadrive_m2/jorge/data/VALDO_new/sub-224/sub-224_space-T2S_desc-masked_T1.nii.gz
sub-224,512,512,192,0.488281,0.488281,0.8,False,0.0,0.0,0.0,,,Label,,,float32,"('L', 'A', 'S')",sub-224_space-T2S_CMB.nii.gz,/datadrive_m2/jorge/data/VALDO_new/sub-224/sub-224_space-T2S_CMB.nii.gz
sub-317,256,256,48,1.0,1.0,2.9999042,False,1.2715657552083333e-06,0.0,1.0,,,Label,1.0,4.0,uint16,"('L', 'A', 'S')",sub-317_space-T2S_CMB.nii.gz,/datadrive_m2/jorge/data/VALDO_new/sub-317/sub-317_space-T2S_CMB.nii.gz
sub-317,256,256,48,1.0,1.0,2.9999042,True,182.20029883435421,-76.7135238647461,1933.8406982421875,T2S,masked,T1,,,float32,"('L', 'A', 'S')",sub-317_space-T2S_desc-masked_T1.nii.gz,/datadrive_m2/jorge/data/VALDO_new/sub-317/sub-317_space-T2S_desc-masked_T1.nii.gz
sub-317,256,256,48,1.0,1.0,2.9999042,False,31.112008412679035,0.0,490.0,T2S,masked,T2S,,,float32,"('L', 'A', 'S')",sub-317_space-T2S_desc-masked_T2S.nii.gz,/datadrive_m2/jorge/data/VALDO_new/sub-317/sub-317_space-T2S_desc-masked_T2S.nii.gz
sub-317,256,256,48,1.0,1.0,2.9999042,True,72.45273768420903,-55.56373977661133,1081.4822998046875,T2S,masked,T2,,,float32,"('L', 'A', 'S')",sub-317_space-T2S_desc-masked_T2.nii.gz,/datadrive_m2/jorge/data/VALDO_new/sub-317/sub-317_space-T2S_desc-masked_T2.nii.gz
sub-230,512,512,192,0.488281,0.488281,0.8,False,129.24918063083834,-86.7945556640625,3826.4750773720443,T2S,masked,T1,,,int16,"('L', 'A', 'S')",sub-230_space-T2S_desc-masked_T1.nii.gz,/datadrive_m2/jorge/data/VALDO_new/sub-230/sub-230_space-T2S_desc-masked_T1.nii.gz
sub-230,512,512,192,0.488281,0.488281,0.8,False,11383.725762605667,0.0,65535.0,T2S,masked,T2,,,float32,"('L', 'A', 'S')",sub-230_space-T2S_desc-masked_T2.nii.gz,/datadrive_m2/jorge/data/VALDO_new/sub-230/sub-230_space-T2S_desc-masked_T2.nii.gz
sub-230,512,512,192,0.488281,0.488281,0.8,False,0.0,0.0,0.0,,,Label,,,float32,"('L', 'A', 'S')",sub-230_space-T2S_CMB.nii.gz,/datadrive_m2/jorge/data/VALDO_new/sub-230/sub-230_space-T2S_CMB.nii.gz
sub-230,512,512,192,0.488281,0.488281,0.8,False,2687.459077088772,0.0,53352.296875,T2S,masked,T2S,,,float32,"('L', 'A', 'S')",sub-230_space-T2S_desc-masked_T2S.nii.gz,/datadrive_m2/jorge/data/VALDO_new/sub-230/sub-230_space-T2S_desc-masked_T2S.nii.gz
sub-313,256,256,39,1.0,1.0,4.000124,False,1.5650040064102564e-06,0.0,1.0,,,Label,1.0,4.0,uint16,"('L', 'A', 'S')",sub-313_space-T2S_CMB.nii.gz,/datadrive_m2/jorge/data/VALDO_new/sub-313/sub-313_space-T2S_CMB.nii.gz
sub-313,256,256,39,1.0,1.0,4.000124,True,151.10344401914364,-40.14298629760742,1546.4822998046875,T2S,masked,T1,,,float32,"('L', 'A', 'S')",sub-313_space-T2S_desc-masked_T1.nii.gz,/datadrive_m2/jorge/data/VALDO_new/sub-313/sub-313_space-T2S_desc-masked_T1.nii.gz
sub-313,256,256,39,1.0,1.0,4.000124,False,21.71549322666266,0.0,345.0,T2S,masked,T2S,,,float32,"('L', 'A', 'S')",sub-313_space-T2S_desc-masked_T2S.nii.gz,/datadrive_m2/jorge/data/VALDO_new/sub-313/sub-313_space-T2S_desc-masked_T2S.nii.gz
sub-313,256,256,39,1.0,1.0,4.000124,True,55.56996087553661,-32.98064041137695,785.0360107421875,T2S,masked,T2,,,float32,"('L', 'A', 'S')",sub-313_space-T2S_desc-masked_T2.nii.gz,/datadrive_m2/jorge/data/VALDO_new/sub-313/sub-313_space-T2S_desc-masked_T2.nii.gz
sub-305,256,256,39,1.0,1.0,3.0000741,True,160.47525593322712,-46.42464065551758,1409.8551025390625,T2S,masked,T1,,,float32,"('L', 'A', 'S')",sub-305_space-T2S_desc-masked_T1.nii.gz,/datadrive_m2/jorge/data/VALDO_new/sub-305/sub-305_space-T2S_desc-masked_T1.nii.gz
sub-305,256,256,39,1.0,1.0,3.0000741,False,28.06865007449419,0.0,330.0,T2S,masked,T2S,,,float32,"('L', 'A', 'S')",sub-305_space-T2S_desc-masked_T2S.nii.gz,/datadrive_m2/jorge/data/VALDO_new/sub-305/sub-305_space-T2S_desc-masked_T2S.nii.gz
sub-305,256,256,39,1.0,1.0,3.0000741,False,7.433769030448718e-06,0.0,1.0,,,Label,1.0,19.0,uint16,"('L', 'A', 'S')",sub-305_space-T2S_CMB.nii.gz,/datadrive_m2/jorge/data/VALDO_new/sub-305/sub-305_space-T2S_CMB.nii.gz
sub-305,256,256,39,1.0,1.0,3.0000741,True,63.70401010862891,-24.063962936401367,684.9142456054688,T2S,masked,T2,,,float32,"('L', 'A', 'S')",sub-305_space-T2S_desc-masked_T2.nii.gz,/datadrive_m2/jorge/data/VALDO_new/sub-305/sub-305_space-T2S_desc-masked_T2.nii.gz
sub-234,512,512,192,0.488281,0.488281,0.8,False,11299.718338469664,0.0,65535.0,T2S,masked,T2,,,float32,"('L', 'A', 'S')",sub-234_space-T2S_desc-masked_T2.nii.gz,/datadrive_m2/jorge/data/VALDO_new/sub-234/sub-234_space-T2S_desc-masked_T2.nii.gz
sub-234,512,512,192,0.488281,0.488281,0.8,False,2.483526865641276e-06,0.0,1.0,,,Label,1.0,125.0,float32,"('L', 'A', 'S')",sub-234_space-T2S_CMB.nii.gz,/datadrive_m2/jorge/data/VALDO_new/sub-234/sub-234_space-T2S_CMB.nii.gz
sub-234,512,512,192,0.488281,0.488281,0.8,False,3102.105125204312,0.0,87519.8515625,T2S,masked,T2S,,,float32,"('L', 'A', 'S')",sub-234_space-T2S_desc-masked_T2S.nii.gz,/datadrive_m2/jorge/data/VALDO_new/sub-234/sub-234_space-T2S_desc-masked_T2S.nii.gz
sub-234,512,512,192,0.488281,0.488281,0.8,False,116.65045077531738,-127.852294921875,5002.861895866692,T2S,masked,T1,,,int16,"('L', 'A', 'S')",sub-234_space-T2S_desc-masked_T1.nii.gz,/datadrive_m2/jorge/data/VALDO_new/sub-234/sub-234_space-T2S_desc-masked_T1.nii.gz
sub-207,512,512,192,0.488281,0.488281,0.8,False,7.311503092447917e-06,0.0,1.0,,,Label,1.0,368.0,float32,"('L', 'A', 'S')",sub-207_space-T2S_CMB.nii.gz,/datadrive_m2/jorge/data/VALDO_new/sub-207/sub-207_space-T2S_CMB.nii.gz
sub-207,512,512,192,0.488281,0.488281,0.8,False,117.42285894457194,-79.4681396484375,4111.782359093428,T2S,masked,T1,,,int16,"('L', 'A', 'S')",sub-207_space-T2S_desc-masked_T1.nii.gz,/datadrive_m2/jorge/data/VALDO_new/sub-207/sub-207_space-T2S_desc-masked_T1.nii.gz
sub-207,512,512,192,0.488281,0.488281,0.8,False,11880.45310896635,0.0,65535.0,T2S,masked,T2,,,float32,"('L', 'A', 'S')",sub-207_space-T2S_desc-masked_T2.nii.gz,/datadrive_m2/jorge/data/VALDO_new/sub-207/sub-207_space-T2S_desc-masked_T2.nii.gz
sub-207,512,512,192,0.488281,0.488281,0.8,False,3040.966968926656,0.0,82242.5703125,T2S,masked,T2S,,,float32,"('L', 'A', 'S')",sub-207_space-T2S_desc-masked_T2S.nii.gz,/datadrive_m2/jorge/data/VALDO_new/sub-207/sub-207_space-T2S_desc-masked_T2S.nii.gz
sub-308,256,256,39,1.0,1.0,2.9999769,False,5.868765024038462e-06,0.0,1.0,,,Label,1.0,15.0,uint16,"('L', 'A', 'S')",sub-308_space-T2S_CMB.nii.gz,/datadrive_m2/jorge/data/VALDO_new/sub-308/sub-308_space-T2S_CMB.nii.gz
sub-308,256,256,39,1.0,1.0,2.9999769,False,43.41658450395633,0.0,573.0,T2S,masked,T2S,,,float32,"('L', 'A', 'S')",sub-308_space-T2S_desc-masked_T2S.nii.gz,/datadrive_m2/jorge/data/VALDO_new/sub-308/sub-308_space-T2S_desc-masked_T2S.nii.gz
sub-308,256,256,39,1.0,1.0,2.9999769,True,250.7500888053995,-78.24188995361328,2244.734130859375,T2S,masked,T1,,,float32,"('L', 'A', 'S')",sub-308_space-T2S_desc-masked_T1.nii.gz,/datadrive_m2/jorge/data/VALDO_new/sub-308/sub-308_space-T2S_desc-masked_T1.nii.gz
sub-308,256,256,39,1.0,1.0,2.9999769,True,94.95409562538464,-42.35165023803711,1072.0089111328125,T2S,masked,T2,,,float32,"('L', 'A', 'S')",sub-308_space-T2S_desc-masked_T2.nii.gz,/datadrive_m2/jorge/data/VALDO_new/sub-308/sub-308_space-T2S_desc-masked_T2.nii.gz
sub-228,512,512,192,0.488281,0.488281,0.8,False,1.3868014017740885e-05,0.0,1.0,,,Label,1.0,698.0,float32,"('L', 'A', 'S')",sub-228_space-T2S_CMB.nii.gz,/datadrive_m2/jorge/data/VALDO_new/sub-228/sub-228_space-T2S_CMB.nii.gz
sub-228,512,512,192,0.488281,0.488281,0.8,False,3156.2402960716313,0.0,74009.6015625,T2S,masked,T2S,,,float32,"('L', 'A', 'S')",sub-228_space-T2S_desc-masked_T2S.nii.gz,/datadrive_m2/jorge/data/VALDO_new/sub-228/sub-228_space-T2S_desc-masked_T2S.nii.gz
sub-228,512,512,192,0.488281,0.488281,0.8,False,105.50116963869709,-88.7470703125,4333.595605313778,T2S,masked,T1,,,int16,"('L', 'A', 'S')",sub-228_space-T2S_desc-masked_T1.nii.gz,/datadrive_m2/jorge/data/VALDO_new/sub-228/sub-228_space-T2S_desc-masked_T1.nii.gz
sub-228,512,512,192,0.488281,0.488281,0.8,False,12882.445570011934,0.0,65535.0,T2S,masked,T2,,,float32,"('L', 'A', 'S')",sub-228_space-T2S_desc-masked_T2.nii.gz,/datadrive_m2/jorge/data/VALDO_new/sub-228/sub-228_space-T2S_desc-masked_T2.nii.gz
sub-322,256,256,39,1.0,1.0,3.0000129,True,130.06555039029277,-26.813491821289062,1282.4124755859375,T2S,masked,T1,,,float32,"('L', 'A', 'S')",sub-322_space-T2S_desc-masked_T1.nii.gz,/datadrive_m2/jorge/data/VALDO_new/sub-322/sub-322_space-T2S_desc-masked_T1.nii.gz
sub-322,256,256,39,1.0,1.0,3.0000129,False,21.421959118965344,0.0,293.0,T2S,masked,T2S,,,float32,"('L', 'A', 'S')",sub-322_space-T2S_desc-masked_T2S.nii.gz,/datadrive_m2/jorge/data/VALDO_new/sub-322/sub-322_space-T2S_desc-masked_T2S.nii.gz
sub-322,256,256,39,1.0,1.0,3.0000129,False,1.2520032051282051e-05,0.0,1.0,,,Label,1.0,32.0,uint16,"('L', 'A', 'S')",sub-322_space-T2S_CMB.nii.gz,/datadrive_m2/jorge/data/VALDO_new/sub-322/sub-322_space-T2S_CMB.nii.gz
sub-322,256,256,39,1.0,1.0,3.0000129,True,46.118311463212656,-20.905994415283203,620.6546020507812,T2S,masked,T2,,,float32,"('L', 'A', 'S')",sub-322_space-T2S_desc-masked_T2.nii.gz,/datadrive_m2/jorge/data/VALDO_new/sub-322/sub-322_space-T2S_desc-masked_T2.nii.gz
sub-210,512,512,192,0.488281,0.488281,0.8,False,0.0,0.0,0.0,,,Label,,,float32,"('L', 'A', 'S')",sub-210_space-T2S_CMB.nii.gz,/datadrive_m2/jorge/data/VALDO_new/sub-210/sub-210_space-T2S_CMB.nii.gz
sub-210,512,512,192,0.488281,0.488281,0.8,False,10658.484749833742,0.0,65535.0,T2S,masked,T2,,,float32,"('L', 'A', 'S')",sub-210_space-T2S_desc-masked_T2.nii.gz,/datadrive_m2/jorge/data/VALDO_new/sub-210/sub-210_space-T2S_desc-masked_T2.nii.gz
sub-210,512,512,192,0.488281,0.488281,0.8,False,110.85219104270573,-58.9552001953125,3406.3539831228554,T2S,masked,T1,,,int16,"('L', 'A', 'S')",sub-210_space-T2S_desc-masked_T1.nii.gz,/datadrive_m2/jorge/data/VALDO_new/sub-210/sub-210_space-T2S_desc-masked_T1.nii.gz
sub-210,512,512,192,0.488281,0.488281,0.8,False,3215.6601935651247,0.0,71107.453125,T2S,masked,T2S,,,float32,"('L', 'A', 'S')",sub-210_space-T2S_desc-masked_T2S.nii.gz,/datadrive_m2/jorge/data/VALDO_new/sub-210/sub-210_space-T2S_desc-masked_T2S.nii.gz
sub-103,512,512,35,0.44921872,0.44921878,4.0,False,140.8040417577909,-100.44713258743286,2379.011034965515,T2S,masked,T2,,,float32,"('L', 'A', 'S')",sub-103_space-T2S_desc-masked_T2.nii.gz,/datadrive_m2/jorge/data/VALDO_new/sub-103/sub-103_space-T2S_desc-masked_T2.nii.gz
sub-103,512,512,35,0.44921875,0.44921875,4.0,False,2.6266915457589287e-05,0.0,1.0,,,Label,1.0,241.0,float64,"('L', 'A', 'S')",sub-103_space-T2S_CMB.nii.gz,/datadrive_m2/jorge/data/VALDO_new/sub-103/sub-103_space-T2S_CMB.nii.gz
sub-103,512,512,35,0.44921872,0.44921878,4.0,True,208.9783519348078,-397.67717560644087,2922.5612690707203,T2S,masked,T1,,,float32,"('L', 'A', 'S')",sub-103_space-T2S_desc-masked_T1.nii.gz,/datadrive_m2/jorge/data/VALDO_new/sub-103/sub-103_space-T2S_desc-masked_T1.nii.gz
sub-103,512,512,35,0.44921872,0.44921878,4.0,False,46.07522392211748,0.0,939.147216796875,T2S,masked,T2S,,,float32,"('L', 'A', 'S')",sub-103_space-T2S_desc-masked_T2S.nii.gz,/datadrive_m2/jorge/data/VALDO_new/sub-103/sub-103_space-T2S_desc-masked_T2S.nii.gz
sub-111,512,512,35,0.44921875,0.44921875,4.0,False,59.39350317416231,-17.22295570373535,917.1223912239075,T2S,masked,T1,,,float32,"('L', 'A', 'S')",sub-111_space-T2S_desc-masked_T1.nii.gz,/datadrive_m2/jorge/data/VALDO_new/sub-111/sub-111_space-T2S_desc-masked_T1.nii.gz
sub-111,512,512,35,0.44921875,0.44921875,4.0,False,2.2125244140625e-05,0.0,1.0,,,Label,1.0,203.0,float64,"('L', 'A', 'S')",sub-111_space-T2S_CMB.nii.gz,/datadrive_m2/jorge/data/VALDO_new/sub-111/sub-111_space-T2S_CMB.nii.gz
sub-111,512,512,35,0.44921875,0.44921875,4.0,False,153.11863573035225,-142.08938455581665,2596.3605723381042,T2S,masked,T2,,,float32,"('L', 'A', 'S')",sub-111_space-T2S_desc-masked_T2.nii.gz,/datadrive_m2/jorge/data/VALDO_new/sub-111/sub-111_space-T2S_desc-masked_T2.nii.gz
sub-111,512,512,35,0.44921875,0.44921875,4.0,False,57.797146343972,0.0,954.492919921875,T2S,masked,T2S,,,float32,"('L', 'A', 'S')",sub-111_space-T2S_desc-masked_T2S.nii.gz,/datadrive_m2/jorge/data/VALDO_new/sub-111/sub-111_space-T2S_desc-masked_T2S.nii.gz
sub-220,512,512,192,0.488281,0.488281,0.8,False,0.0,0.0,0.0,,,Label,,,float32,"('L', 'A', 'S')",sub-220_space-T2S_CMB.nii.gz,/datadrive_m2/jorge/data/VALDO_new/sub-220/sub-220_space-T2S_CMB.nii.gz
sub-220,512,512,192,0.488281,0.488281,0.8,False,95.60223106830163,-71.15087890625,4435.401937536895,T2S,masked,T1,,,int16,"('L', 'A', 'S')",sub-220_space-T2S_desc-masked_T1.nii.gz,/datadrive_m2/jorge/data/VALDO_new/sub-220/sub-220_space-T2S_desc-masked_T1.nii.gz
sub-220,512,512,192,0.488281,0.488281,0.8,False,11279.283722440401,0.0,65535.0,T2S,masked,T2,,,float32,"('L', 'A', 'S')",sub-220_space-T2S_desc-masked_T2.nii.gz,/datadrive_m2/jorge/data/VALDO_new/sub-220/sub-220_space-T2S_desc-masked_T2.nii.gz
sub-220,512,512,192,0.488281,0.488281,0.8,False,2946.747322584541,0.0,70006.1328125,T2S,masked,T2S,,,float32,"('L', 'A', 'S')",sub-220_space-T2S_desc-masked_T2S.nii.gz,/datadrive_m2/jorge/data/VALDO_new/sub-220/sub-220_space-T2S_desc-masked_T2S.nii.gz
sub-314,256,256,39,1.0,1.0,3.999479,True,42.51737405235777,-43.85536575317383,591.4266357421875,T2S,masked,T2,,,float32,"('L', 'A', 'S')",sub-314_space-T2S_desc-masked_T2.nii.gz,/datadrive_m2/jorge/data/VALDO_new/sub-314/sub-314_space-T2S_desc-masked_T2.nii.gz
sub-314,256,256,39,1.0,1.0,3.999479,False,1.1737530048076924e-06,0.0,1.0,,,Label,1.0,3.0,uint16,"('L', 'A', 'S')",sub-314_space-T2S_CMB.nii.gz,/datadrive_m2/jorge/data/VALDO_new/sub-314/sub-314_space-T2S_CMB.nii.gz
sub-314,256,256,39,1.0,1.0,3.999479,False,16.874791463216145,0.0,257.0,T2S,masked,T2S,,,float32,"('L', 'A', 'S')",sub-314_space-T2S_desc-masked_T2S.nii.gz,/datadrive_m2/jorge/data/VALDO_new/sub-314/sub-314_space-T2S_desc-masked_T2S.nii.gz
sub-314,256,256,39,1.0,1.0,3.999479,True,104.48471382593189,-27.809040069580078,1191.74853515625,T2S,masked,T1,,,float32,"('L', 'A', 'S')",sub-314_space-T2S_desc-masked_T1.nii.gz,/datadrive_m2/jorge/data/VALDO_new/sub-314/sub-314_space-T2S_desc-masked_T1.nii.gz
sub-202,512,512,192,0.488281,0.488281,0.8,False,3068.968013018981,0.0,80135.9140625,T2S,masked,T2S,,,float32,"('L', 'A', 'S')",sub-202_space-T2S_desc-masked_T2S.nii.gz,/datadrive_m2/jorge/data/VALDO_new/sub-202/sub-202_space-T2S_desc-masked_T2S.nii.gz
sub-202,512,512,192,0.488281,0.488281,0.8,False,0.0,0.0,0.0,,,Label,,,float32,"('L', 'A', 'S')",sub-202_space-T2S_CMB.nii.gz,/datadrive_m2/jorge/data/VALDO_new/sub-202/sub-202_space-T2S_CMB.nii.gz
sub-202,512,512,192,0.488281,0.488281,0.8,False,11432.666185518106,0.0,65535.0,T2S,masked,T2,,,float32,"('L', 'A', 'S')",sub-202_space-T2S_desc-masked_T2.nii.gz,/datadrive_m2/jorge/data/VALDO_new/sub-202/sub-202_space-T2S_desc-masked_T2.nii.gz
sub-202,512,512,192,0.488281,0.488281,0.8,False,108.15598496724569,-77.9630126953125,3304.772723581642,T2S,masked,T1,,,int16,"('L', 'A', 'S')",sub-202_space-T2S_desc-masked_T1.nii.gz,/datadrive_m2/jorge/data/VALDO_new/sub-202/sub-202_space-T2S_desc-masked_T1.nii.gz
sub-107,512,512,35,0.44921875,0.44921875,4.0,False,3.5967145647321428e-06,0.0,1.0,,,Label,1.0,33.0,float64,"('L', 'A', 'S')",sub-107_space-T2S_CMB.nii.gz,/datadrive_m2/jorge/data/VALDO_new/sub-107/sub-107_space-T2S_CMB.nii.gz
sub-107,512,512,35,0.44921875,0.44921875,4.0,False,60.95030560839389,0.0,994.39111328125,T2S,masked,T2S,,,float32,"('L', 'A', 'S')",sub-107_space-T2S_desc-masked_T2S.nii.gz,/datadrive_m2/jorge/data/VALDO_new/sub-107/sub-107_space-T2S_desc-masked_T2S.nii.gz
sub-107,512,512,35,0.44921875,0.44921875,4.0,False,170.5397762457407,-49.55311298370361,2388.460045814514,T2S,masked,T2,,,float32,"('L', 'A', 'S')",sub-107_space-T2S_desc-masked_T2.nii.gz,/datadrive_m2/jorge/data/VALDO_new/sub-107/sub-107_space-T2S_desc-masked_T2.nii.gz
sub-107,512,512,35,0.44921875,0.44921875,4.0,False,66.01480462519747,-19.821245193481445,1189.2747116088867,T2S,masked,T1,,,float32,"('L', 'A', 'S')",sub-107_space-T2S_desc-masked_T1.nii.gz,/datadrive_m2/jorge/data/VALDO_new/sub-107/sub-107_space-T2S_desc-masked_T1.nii.gz
sub-310,256,256,46,1.0,1.0,2.9999382,False,17.305480293605637,0.0,211.0,T2S,masked,T2S,,,float32,"('L', 'A', 'S')",sub-310_space-T2S_desc-masked_T2S.nii.gz,/datadrive_m2/jorge/data/VALDO_new/sub-310/sub-310_space-T2S_desc-masked_T2S.nii.gz
sub-310,256,256,46,1.0,1.0,2.9999382,False,1.326851222826087e-06,0.0,1.0,,,Label,1.0,4.0,uint16,"('L', 'A', 'S')",sub-310_space-T2S_CMB.nii.gz,/datadrive_m2/jorge/data/VALDO_new/sub-310/sub-310_space-T2S_CMB.nii.gz
sub-310,256,256,46,1.0,1.0,2.9999382,True,106.02173235670243,-29.4107723236084,1105.5738525390625,T2S,masked,T1,,,float32,"('L', 'A', 'S')",sub-310_space-T2S_desc-masked_T1.nii.gz,/datadrive_m2/jorge/data/VALDO_new/sub-310/sub-310_space-T2S_desc-masked_T1.nii.gz
sub-310,256,256,46,1.0,1.0,2.9999382,True,41.42412730547539,-23.77536964416504,540.7571411132812,T2S,masked,T2,,,float32,"('L', 'A', 'S')",sub-310_space-T2S_desc-masked_T2.nii.gz,/datadrive_m2/jorge/data/VALDO_new/sub-310/sub-310_space-T2S_desc-masked_T2.nii.gz
sub-105,512,512,35,0.44921878,0.44921875,4.0,False,51.76864611274962,0.0,979.045654296875,T2S,masked,T2S,,,float32,"('L', 'A', 'S')",sub-105_space-T2S_desc-masked_T2S.nii.gz,/datadrive_m2/jorge/data/VALDO_new/sub-105/sub-105_space-T2S_desc-masked_T2S.nii.gz
sub-105,512,512,35,0.44921878,0.44921875,4.0,True,256.88585849903126,-380.6678403907281,3549.709552513552,T2S,masked,T1,,,float32,"('L', 'A', 'S')",sub-105_space-T2S_desc-masked_T1.nii.gz,/datadrive_m2/jorge/data/VALDO_new/sub-105/sub-105_space-T2S_desc-masked_T1.nii.gz
sub-105,512,512,35,0.44921875,0.44921875,4.0,False,0.0,0.0,0.0,,,Label,,,float64,"('L', 'A', 'S')",sub-105_space-T2S_CMB.nii.gz,/datadrive_m2/jorge/data/VALDO_new/sub-105/sub-105_space-T2S_CMB.nii.gz
sub-105,512,512,35,0.44921878,0.44921875,4.0,False,141.62063580237685,-97.06153392791748,2537.4658155441284,T2S,masked,T2,,,float32,"('L', 'A', 'S')",sub-105_space-T2S_desc-masked_T2.nii.gz,/datadrive_m2/jorge/data/VALDO_new/sub-105/sub-105_space-T2S_desc-masked_T2.nii.gz
sub-233,512,512,192,0.488281,0.488281,0.8,False,13753.36092364788,0.0,65535.0,T2S,masked,T2,,,float32,"('L', 'A', 'S')",sub-233_space-T2S_desc-masked_T2.nii.gz,/datadrive_m2/jorge/data/VALDO_new/sub-233/sub-233_space-T2S_desc-masked_T2.nii.gz
sub-233,512,512,192,0.488281,0.488281,0.8,False,0.0,0.0,0.0,,,Label,,,float32,"('L', 'A', 'S')",sub-233_space-T2S_CMB.nii.gz,/datadrive_m2/jorge/data/VALDO_new/sub-233/sub-233_space-T2S_CMB.nii.gz
sub-233,512,512,192,0.488281,0.488281,0.8,False,2891.151433027994,0.0,60750.74609375,T2S,masked,T2S,,,float32,"('L', 'A', 'S')",sub-233_space-T2S_desc-masked_T2S.nii.gz,/datadrive_m2/jorge/data/VALDO_new/sub-233/sub-233_space-T2S_desc-masked_T2S.nii.gz
sub-233,512,512,192,0.488281,0.488281,0.8,False,89.48664250480256,-53.1412353515625,3077.6801320016384,T2S,masked,T1,,,int16,"('L', 'A', 'S')",sub-233_space-T2S_desc-masked_T1.nii.gz,/datadrive_m2/jorge/data/VALDO_new/sub-233/sub-233_space-T2S_desc-masked_T1.nii.gz
sub-312,256,256,36,1.0,1.0,4.0004106,False,12.766544342041016,0.0,197.0,T2S,masked,T2S,,,float32,"('L', 'A', 'S')",sub-312_space-T2S_desc-masked_T2S.nii.gz,/datadrive_m2/jorge/data/VALDO_new/sub-312/sub-312_space-T2S_desc-masked_T2S.nii.gz
sub-312,256,256,36,1.0,1.0,4.0004106,True,87.45984261872013,-35.37070846557617,884.659423828125,T2S,masked,T1,,,float32,"('L', 'A', 'S')",sub-312_space-T2S_desc-masked_T1.nii.gz,/datadrive_m2/jorge/data/VALDO_new/sub-312/sub-312_space-T2S_desc-masked_T1.nii.gz
sub-312,256,256,36,1.0,1.0,4.0004106,True,31.711543272952916,-17.18610191345215,455.98382568359375,T2S,masked,T2,,,float32,"('L', 'A', 'S')",sub-312_space-T2S_desc-masked_T2.nii.gz,/datadrive_m2/jorge/data/VALDO_new/sub-312/sub-312_space-T2S_desc-masked_T2.nii.gz
sub-312,256,256,36,1.0,1.0,4.0004106,False,2.5431315104166665e-06,0.0,1.0,,,Label,1.0,6.0,uint16,"('L', 'A', 'S')",sub-312_space-T2S_CMB.nii.gz,/datadrive_m2/jorge/data/VALDO_new/sub-312/sub-312_space-T2S_CMB.nii.gz
sub-321,256,256,39,1.0,1.0,3.9994495,False,10.86673091008113,0.0,211.0,T2S,masked,T2S,,,float32,"('L', 'A', 'S')",sub-321_space-T2S_desc-masked_T2S.nii.gz,/datadrive_m2/jorge/data/VALDO_new/sub-321/sub-321_space-T2S_desc-masked_T2S.nii.gz
sub-321,256,256,39,1.0,1.0,3.9994495,True,27.155941201345215,-20.042940139770508,377.2298583984375,T2S,masked,T2,,,float32,"('L', 'A', 'S')",sub-321_space-T2S_desc-masked_T2.nii.gz,/datadrive_m2/jorge/data/VALDO_new/sub-321/sub-321_space-T2S_desc-masked_T2.nii.gz
sub-321,256,256,39,1.0,1.0,3.9994495,True,71.77582599780006,-21.68343162536621,791.0425415039062,T2S,masked,T1,,,float32,"('L', 'A', 'S')",sub-321_space-T2S_desc-masked_T1.nii.gz,/datadrive_m2/jorge/data/VALDO_new/sub-321/sub-321_space-T2S_desc-masked_T1.nii.gz
sub-321,256,256,39,1.0,1.0,3.9994495,False,3.1300080128205127e-06,0.0,1.0,,,Label,1.0,8.0,uint16,"('L', 'A', 'S')",sub-321_space-T2S_CMB.nii.gz,/datadrive_m2/jorge/data/VALDO_new/sub-321/sub-321_space-T2S_CMB.nii.gz
sub-212,512,512,192,0.488281,0.488281,0.8,False,2519.380621687105,0.0,67080.0703125,T2S,masked,T2S,,,float32,"('L', 'A', 'S')",sub-212_space-T2S_desc-masked_T2S.nii.gz,/datadrive_m2/jorge/data/VALDO_new/sub-212/sub-212_space-T2S_desc-masked_T2S.nii.gz
sub-212,512,512,192,0.488281,0.488281,0.8,False,106.41166850135033,-55.4832763671875,3518.528593957424,T2S,masked,T1,,,int16,"('L', 'A', 'S')",sub-212_space-T2S_desc-masked_T1.nii.gz,/datadrive_m2/jorge/data/VALDO_new/sub-212/sub-212_space-T2S_desc-masked_T1.nii.gz
sub-212,512,512,192,0.488281,0.488281,0.8,False,7.152557373046875e-07,0.0,1.0,,,Label,1.0,36.0,float32,"('L', 'A', 'S')",sub-212_space-T2S_CMB.nii.gz,/datadrive_m2/jorge/data/VALDO_new/sub-212/sub-212_space-T2S_CMB.nii.gz
sub-212,512,512,192,0.488281,0.488281,0.8,False,11142.479803264141,0.0,65535.0,T2S,masked,T2,,,float32,"('L', 'A', 'S')",sub-212_space-T2S_desc-masked_T2.nii.gz,/datadrive_m2/jorge/data/VALDO_new/sub-212/sub-212_space-T2S_desc-masked_T2.nii.gz
sub-232,512,512,192,0.488281,0.488281,0.8,False,3009.7904532867856,0.0,78236.0234375,T2S,masked,T2S,,,float32,"('L', 'A', 'S')",sub-232_space-T2S_desc-masked_T2S.nii.gz,/datadrive_m2/jorge/data/VALDO_new/sub-232/sub-232_space-T2S_desc-masked_T2S.nii.gz
sub-232,512,512,192,0.488281,0.488281,0.8,False,13821.705827256044,0.0,65535.0,T2S,masked,T2,,,float32,"('L', 'A', 'S')",sub-232_space-T2S_desc-masked_T2.nii.gz,/datadrive_m2/jorge/data/VALDO_new/sub-232/sub-232_space-T2S_desc-masked_T2.nii.gz
sub-232,512,512,192,0.488281,0.488281,0.8,False,102.20147955698127,-160.74365234375,6251.231261096895,T2S,masked,T1,,,int16,"('L', 'A', 'S')",sub-232_space-T2S_desc-masked_T1.nii.gz,/datadrive_m2/jorge/data/VALDO_new/sub-232/sub-232_space-T2S_desc-masked_T1.nii.gz
sub-232,512,512,192,0.488281,0.488281,0.8,False,5.76178232828776e-07,0.0,1.0,,,Label,1.0,29.0,float32,"('L', 'A', 'S')",sub-232_space-T2S_CMB.nii.gz,/datadrive_m2/jorge/data/VALDO_new/sub-232/sub-232_space-T2S_CMB.nii.gz
sub-208,512,512,192,0.488281,0.488281,0.8,False,1.4106432596842449e-06,0.0,1.0,,,Label,1.0,71.0,float32,"('L', 'A', 'S')",sub-208_space-T2S_CMB.nii.gz,/datadrive_m2/jorge/data/VALDO_new/sub-208/sub-208_space-T2S_CMB.nii.gz
sub-208,512,512,192,0.488281,0.488281,0.8,False,12297.651450157166,0.0,65535.0,T2S,masked,T2,,,float32,"('L', 'A', 'S')",sub-208_space-T2S_desc-masked_T2.nii.gz,/datadrive_m2/jorge/data/VALDO_new/sub-208/sub-208_space-T2S_desc-masked_T2.nii.gz
sub-208,512,512,192,0.488281,0.488281,0.8,False,2833.809724205787,0.0,73961.0390625,T2S,masked,T2S,,,float32,"('L', 'A', 'S')",sub-208_space-T2S_desc-masked_T2S.nii.gz,/datadrive_m2/jorge/data/VALDO_new/sub-208/sub-208_space-T2S_desc-masked_T2S.nii.gz
sub-208,512,512,192,0.488281,0.488281,0.8,False,104.95368719404598,-79.2518310546875,3414.680694796145,T2S,masked,T1,,,int16,"('L', 'A', 'S')",sub-208_space-T2S_desc-masked_T1.nii.gz,/datadrive_m2/jorge/data/VALDO_new/sub-208/sub-208_space-T2S_desc-masked_T1.nii.gz
sub-326,256,256,39,1.0,1.0,3.0001497,True,78.28809395568065,-48.76329803466797,1096.299560546875,T2S,masked,T2,,,float32,"('L', 'A', 'S')",sub-326_space-T2S_desc-masked_T2.nii.gz,/datadrive_m2/jorge/data/VALDO_new/sub-326/sub-326_space-T2S_desc-masked_T2.nii.gz
sub-326,256,256,39,1.0,1.0,3.0001497,True,241.20418491381318,-70.73285675048828,2046.399169921875,T2S,masked,T1,,,float32,"('L', 'A', 'S')",sub-326_space-T2S_desc-masked_T1.nii.gz,/datadrive_m2/jorge/data/VALDO_new/sub-326/sub-326_space-T2S_desc-masked_T1.nii.gz
sub-326,256,256,39,1.0,1.0,3.0001497,False,2.7387570112179487e-06,0.0,1.0,,,Label,1.0,7.0,uint16,"('L', 'A', 'S')",sub-326_space-T2S_CMB.nii.gz,/datadrive_m2/jorge/data/VALDO_new/sub-326/sub-326_space-T2S_CMB.nii.gz
sub-326,256,256,39,1.0,1.0,3.0001497,False,36.319826175005005,0.0,448.0,T2S,masked,T2S,,,float32,"('L', 'A', 'S')",sub-326_space-T2S_desc-masked_T2S.nii.gz,/datadrive_m2/jorge/data/VALDO_new/sub-326/sub-326_space-T2S_desc-masked_T2S.nii.gz
sub-229,512,512,192,0.488281,0.488281,0.8,False,3810.7454090267256,0.0,68490.34375,T2S,masked,T2S,,,float32,"('L', 'A', 'S')",sub-229_space-T2S_desc-masked_T2S.nii.gz,/datadrive_m2/jorge/data/VALDO_new/sub-229/sub-229_space-T2S_desc-masked_T2S.nii.gz
sub-229,512,512,192,0.488281,0.488281,0.8,False,131.42247455762646,-69.6138916015625,4126.759575843811,T2S,masked,T1,,,int16,"('L', 'A', 'S')",sub-229_space-T2S_desc-masked_T1.nii.gz,/datadrive_m2/jorge/data/VALDO_new/sub-229/sub-229_space-T2S_desc-masked_T1.nii.gz
sub-229,512,512,192,0.488281,0.488281,0.8,False,3.3775965372721356e-07,0.0,1.0,,,Label,1.0,17.0,float32,"('L', 'A', 'S')",sub-229_space-T2S_CMB.nii.gz,/datadrive_m2/jorge/data/VALDO_new/sub-229/sub-229_space-T2S_CMB.nii.gz
sub-229,512,512,192,0.488281,0.488281,0.8,False,14012.503202736378,0.0,65535.0,T2S,masked,T2,,,float32,"('L', 'A', 'S')",sub-229_space-T2S_desc-masked_T2.nii.gz,/datadrive_m2/jorge/data/VALDO_new/sub-229/sub-229_space-T2S_desc-masked_T2.nii.gz
sub-206,512,512,192,0.488281,0.488281,0.8,False,89.42075439675246,-56.38623046875,3181.5467837154865,T2S,masked,T1,,,int16,"('L', 'A', 'S')",sub-206_space-T2S_desc-masked_T1.nii.gz,/datadrive_m2/jorge/data/VALDO_new/sub-206/sub-206_space-T2S_desc-masked_T1.nii.gz
sub-206,512,512,192,0.488281,0.488281,0.8,False,0.0,0.0,0.0,,,Label,,,float32,"('L', 'A', 'S')",sub-206_space-T2S_CMB.nii.gz,/datadrive_m2/jorge/data/VALDO_new/sub-206/sub-206_space-T2S_CMB.nii.gz
sub-206,512,512,192,0.488281,0.488281,0.8,False,13610.197572529316,0.0,65535.0,T2S,masked,T2,,,float32,"('L', 'A', 'S')",sub-206_space-T2S_desc-masked_T2.nii.gz,/datadrive_m2/jorge/data/VALDO_new/sub-206/sub-206_space-T2S_desc-masked_T2.nii.gz
sub-206,512,512,192,0.488281,0.488281,0.8,False,2533.036872669938,0.0,58490.04296875,T2S,masked,T2S,,,float32,"('L', 'A', 'S')",sub-206_space-T2S_desc-masked_T2S.nii.gz,/datadrive_m2/jorge/data/VALDO_new/sub-206/sub-206_space-T2S_desc-masked_T2S.nii.gz
sub-221,512,512,192,0.488281,0.488281,0.8,False,9.715557098388672e-06,0.0,1.0,,,Label,1.0,489.0,float32,"('L', 'A', 'S')",sub-221_space-T2S_CMB.nii.gz,/datadrive_m2/jorge/data/VALDO_new/sub-221/sub-221_space-T2S_CMB.nii.gz
sub-221,512,512,192,0.488281,0.488281,0.8,False,3722.1384522123712,0.0,72055.3359375,T2S,masked,T2S,,,float32,"('L', 'A', 'S')",sub-221_space-T2S_desc-masked_T2S.nii.gz,/datadrive_m2/jorge/data/VALDO_new/sub-221/sub-221_space-T2S_desc-masked_T2S.nii.gz
sub-221,512,512,192,0.488281,0.488281,0.8,False,11760.619415005049,0.0,65535.0,T2S,masked,T2,,,float32,"('L', 'A', 'S')",sub-221_space-T2S_desc-masked_T2.nii.gz,/datadrive_m2/jorge/data/VALDO_new/sub-221/sub-221_space-T2S_desc-masked_T2.nii.gz
sub-221,512,512,192,0.488281,0.488281,0.8,False,133.35937735966343,-88.748046875,4437.912372902036,T2S,masked,T1,,,int16,"('L', 'A', 'S')",sub-221_space-T2S_desc-masked_T1.nii.gz,/datadrive_m2/jorge/data/VALDO_new/sub-221/sub-221_space-T2S_desc-masked_T1.nii.gz
sub-323,256,256,39,1.0,1.0,3.9999628,True,49.25617581933064,-28.906959533691406,583.5745849609375,T2S,masked,T2,,,float32,"('L', 'A', 'S')",sub-323_space-T2S_desc-masked_T2.nii.gz,/datadrive_m2/jorge/data/VALDO_new/sub-323/sub-323_space-T2S_desc-masked_T2.nii.gz
sub-323,256,256,39,1.0,1.0,3.9999628,False,1.1737530048076924e-06,0.0,1.0,,,Label,1.0,3.0,uint16,"('L', 'A', 'S')",sub-323_space-T2S_CMB.nii.gz,/datadrive_m2/jorge/data/VALDO_new/sub-323/sub-323_space-T2S_CMB.nii.gz
sub-323,256,256,39,1.0,1.0,3.9999628,True,119.31603150149661,-43.753623962402344,1329.5753173828125,T2S,masked,T1,,,float32,"('L', 'A', 'S')",sub-323_space-T2S_desc-masked_T1.nii.gz,/datadrive_m2/jorge/data/VALDO_new/sub-323/sub-323_space-T2S_desc-masked_T1.nii.gz
sub-323,256,256,39,1.0,1.0,3.9999628,False,18.901504516601562,0.0,293.0,T2S,masked,T2S,,,float32,"('L', 'A', 'S')",sub-323_space-T2S_desc-masked_T2S.nii.gz,/datadrive_m2/jorge/data/VALDO_new/sub-323/sub-323_space-T2S_desc-masked_T2S.nii.gz
sub-106,512,512,35,0.44921875,0.44921875,4.0,False,138.36526229472688,-86.65494632720947,2407.0818424224854,T2S,masked,T2,,,float32,"('L', 'A', 'S')",sub-106_space-T2S_desc-masked_T2.nii.gz,/datadrive_m2/jorge/data/VALDO_new/sub-106/sub-106_space-T2S_desc-masked_T2.nii.gz
sub-106,512,512,35,0.44921875,0.44921875,4.0,True,230.20763896354,-389.4713951666454,3313.4623483693576,T2S,masked,T1,,,float32,"('L', 'A', 'S')",sub-106_space-T2S_desc-masked_T1.nii.gz,/datadrive_m2/jorge/data/VALDO_new/sub-106/sub-106_space-T2S_desc-masked_T1.nii.gz
sub-106,512,512,35,0.44921875,0.44921875,4.0,False,3.814697265625e-06,0.0,1.0,,,Label,1.0,35.0,float64,"('L', 'A', 'S')",sub-106_space-T2S_CMB.nii.gz,/datadrive_m2/jorge/data/VALDO_new/sub-106/sub-106_space-T2S_CMB.nii.gz
sub-106,512,512,35,0.44921875,0.44921875,4.0,False,70.0170897135112,0.0,1417.92822265625,T2S,masked,T2S,,,float32,"('L', 'A', 'S')",sub-106_space-T2S_desc-masked_T2S.nii.gz,/datadrive_m2/jorge/data/VALDO_new/sub-106/sub-106_space-T2S_desc-masked_T2S.nii.gz
sub-316,256,256,39,1.0,1.0,4.000114,True,95.89278778903756,-27.684396743774414,984.2177124023438,T2S,masked,T1,,,float32,"('L', 'A', 'S')",sub-316_space-T2S_desc-masked_T1.nii.gz,/datadrive_m2/jorge/data/VALDO_new/sub-316/sub-316_space-T2S_desc-masked_T1.nii.gz
sub-316,256,256,39,1.0,1.0,4.000114,True,58.54345098071633,-30.666582107543945,760.4924926757812,T2S,masked,T2,,,float32,"('L', 'A', 'S')",sub-316_space-T2S_desc-masked_T2.nii.gz,/datadrive_m2/jorge/data/VALDO_new/sub-316/sub-316_space-T2S_desc-masked_T2.nii.gz
sub-316,256,256,39,1.0,1.0,4.000114,False,3.1300080128205127e-06,0.0,1.0,,,Label,1.0,8.0,uint16,"('L', 'A', 'S')",sub-316_space-T2S_CMB.nii.gz,/datadrive_m2/jorge/data/VALDO_new/sub-316/sub-316_space-T2S_CMB.nii.gz
sub-316,256,256,39,1.0,1.0,4.000114,False,22.081786326872997,0.0,325.0,T2S,masked,T2S,,,float32,"('L', 'A', 'S')",sub-316_space-T2S_desc-masked_T2S.nii.gz,/datadrive_m2/jorge/data/VALDO_new/sub-316/sub-316_space-T2S_desc-masked_T2S.nii.gz
sub-215,512,512,192,0.488281,0.488281,0.8,False,3110.9464136450624,0.0,88731.5390625,T2S,masked,T2S,,,float32,"('L', 'A', 'S')",sub-215_space-T2S_desc-masked_T2S.nii.gz,/datadrive_m2/jorge/data/VALDO_new/sub-215/sub-215_space-T2S_desc-masked_T2S.nii.gz
sub-215,512,512,192,0.488281,0.488281,0.8,False,11021.439296921095,0.0,65535.0,T2S,masked,T2,,,float32,"('L', 'A', 'S')",sub-215_space-T2S_desc-masked_T2.nii.gz,/datadrive_m2/jorge/data/VALDO_new/sub-215/sub-215_space-T2S_desc-masked_T2.nii.gz
sub-215,512,512,192,0.488281,0.488281,0.8,False,111.43498767766094,-73.469970703125,3162.537535753101,T2S,masked,T1,,,int16,"('L', 'A', 'S')",sub-215_space-T2S_desc-masked_T1.nii.gz,/datadrive_m2/jorge/data/VALDO_new/sub-215/sub-215_space-T2S_desc-masked_T1.nii.gz
sub-215,512,512,192,0.488281,0.488281,0.8,False,6.357828776041666e-07,0.0,1.0,,,Label,1.0,32.0,float32,"('L', 'A', 'S')",sub-215_space-T2S_CMB.nii.gz,/datadrive_m2/jorge/data/VALDO_new/sub-215/sub-215_space-T2S_CMB.nii.gz
sub-108,512,512,35,0.44921875,0.44921875,4.0,False,159.79252525353633,-64.92063570022583,2392.0757308006287,T2S,masked,T2,,,float32,"('L', 'A', 'S')",sub-108_space-T2S_desc-masked_T2.nii.gz,/datadrive_m2/jorge/data/VALDO_new/sub-108/sub-108_space-T2S_desc-masked_T2.nii.gz
sub-108,512,512,35,0.44921875,0.44921875,4.0,False,6.375994001116072e-05,0.0,1.0,,,Label,1.0,585.0,float64,"('L', 'A', 'S')",sub-108_space-T2S_CMB.nii.gz,/datadrive_m2/jorge/data/VALDO_new/sub-108/sub-108_space-T2S_CMB.nii.gz
sub-108,512,512,35,0.44921875,0.44921875,4.0,False,53.36435531305948,0.0,870.09228515625,T2S,masked,T2S,,,float32,"('L', 'A', 'S')",sub-108_space-T2S_desc-masked_T2S.nii.gz,/datadrive_m2/jorge/data/VALDO_new/sub-108/sub-108_space-T2S_desc-masked_T2S.nii.gz
sub-108,512,512,35,0.44921875,0.44921875,4.0,False,79.68314561459245,-19.9755802154541,958.8278503417969,T2S,masked,T1,,,float32,"('L', 'A', 'S')",sub-108_space-T2S_desc-masked_T1.nii.gz,/datadrive_m2/jorge/data/VALDO_new/sub-108/sub-108_space-T2S_desc-masked_T1.nii.gz
sub-319,256,256,39,1.0,1.0,3.0000832,True,74.30561485137184,-34.83298873901367,892.3147583007812,T2S,masked,T1,,,float32,"('L', 'A', 'S')",sub-319_space-T2S_desc-masked_T1.nii.gz,/datadrive_m2/jorge/data/VALDO_new/sub-319/sub-319_space-T2S_desc-masked_T1.nii.gz
sub-319,256,256,39,1.0,1.0,3.0000832,False,3.912510016025641e-06,0.0,1.0,,,Label,1.0,10.0,uint16,"('L', 'A', 'S')",sub-319_space-T2S_CMB.nii.gz,/datadrive_m2/jorge/data/VALDO_new/sub-319/sub-319_space-T2S_CMB.nii.gz
sub-319,256,256,39,1.0,1.0,3.0000832,False,14.104390070988583,0.0,181.0,T2S,masked,T2S,,,float32,"('L', 'A', 'S')",sub-319_space-T2S_desc-masked_T2S.nii.gz,/datadrive_m2/jorge/data/VALDO_new/sub-319/sub-319_space-T2S_desc-masked_T2S.nii.gz
sub-319,256,256,39,1.0,1.0,3.0000832,True,30.0738177906514,-14.671367645263672,390.1510925292969,T2S,masked,T2,,,float32,"('L', 'A', 'S')",sub-319_space-T2S_desc-masked_T2.nii.gz,/datadrive_m2/jorge/data/VALDO_new/sub-319/sub-319_space-T2S_desc-masked_T2.nii.gz
sub-217,512,512,192,0.488281,0.488281,0.8,False,1.7285346984863281e-06,0.0,1.0,,,Label,1.0,87.0,float32,"('L', 'A', 'S')",sub-217_space-T2S_CMB.nii.gz,/datadrive_m2/jorge/data/VALDO_new/sub-217/sub-217_space-T2S_CMB.nii.gz
sub-217,512,512,192,0.488281,0.488281,0.8,False,110.00679563317738,-102.9583740234375,2759.5892548933625,T2S,masked,T1,,,int16,"('L', 'A', 'S')",sub-217_space-T2S_desc-masked_T1.nii.gz,/datadrive_m2/jorge/data/VALDO_new/sub-217/sub-217_space-T2S_desc-masked_T1.nii.gz
sub-217,512,512,192,0.488281,0.488281,0.8,False,3216.913963151321,0.0,74096.2578125,T2S,masked,T2S,,,float32,"('L', 'A', 'S')",sub-217_space-T2S_desc-masked_T2S.nii.gz,/datadrive_m2/jorge/data/VALDO_new/sub-217/sub-217_space-T2S_desc-masked_T2S.nii.gz
sub-217,512,512,192,0.488281,0.488281,0.8,False,11692.97346017758,0.0,65535.0,T2S,masked,T2,,,float32,"('L', 'A', 'S')",sub-217_space-T2S_desc-masked_T2.nii.gz,/datadrive_m2/jorge/data/VALDO_new/sub-217/sub-217_space-T2S_desc-masked_T2.nii.gz
sub-101,512,512,35,0.44921875,0.44921875,4.0,True,211.01734344717403,-357.049926443211,2795.9671673635603,T2S,masked,T1,,,float32,"('L', 'A', 'S')",sub-101_space-T2S_desc-masked_T1.nii.gz,/datadrive_m2/jorge/data/VALDO_new/sub-101/sub-101_space-T2S_desc-masked_T1.nii.gz
sub-101,512,512,35,0.44921875,0.44921875,4.0,False,61.71563083678484,0.0,928.4052734375,T2S,masked,T2S,,,float32,"('L', 'A', 'S')",sub-101_space-T2S_desc-masked_T2S.nii.gz,/datadrive_m2/jorge/data/VALDO_new/sub-101/sub-101_space-T2S_desc-masked_T2S.nii.gz
sub-101,512,512,35,0.44921875,0.44921875,4.0,False,2.8228759765625e-05,0.0,1.0,,,Label,1.0,259.0,float64,"('L', 'A', 'S')",sub-101_space-T2S_CMB.nii.gz,/datadrive_m2/jorge/data/VALDO_new/sub-101/sub-101_space-T2S_CMB.nii.gz
sub-101,512,512,35,0.44921875,0.44921875,4.0,False,175.47382972245563,-28.918682098388672,2303.855007171631,T2S,masked,T2,,,float32,"('L', 'A', 'S')",sub-101_space-T2S_desc-masked_T2.nii.gz,/datadrive_m2/jorge/data/VALDO_new/sub-101/sub-101_space-T2S_desc-masked_T2.nii.gz
sub-320,256,256,39,1.0,1.0,2.9999762,False,17.17934046036158,0.0,234.0,T2S,masked,T2S,,,float32,"('L', 'A', 'S')",sub-320_space-T2S_desc-masked_T2S.nii.gz,/datadrive_m2/jorge/data/VALDO_new/sub-320/sub-320_space-T2S_desc-masked_T2S.nii.gz
sub-320,256,256,39,1.0,1.0,2.9999762,True,42.828820504989345,-15.248769760131836,562.884033203125,T2S,masked,T2,,,float32,"('L', 'A', 'S')",sub-320_space-T2S_desc-masked_T2.nii.gz,/datadrive_m2/jorge/data/VALDO_new/sub-320/sub-320_space-T2S_desc-masked_T2.nii.gz
sub-320,256,256,39,1.0,1.0,2.9999762,True,96.18718563667426,-27.83186912536621,1013.2788696289062,T2S,masked,T1,,,float32,"('L', 'A', 'S')",sub-320_space-T2S_desc-masked_T1.nii.gz,/datadrive_m2/jorge/data/VALDO_new/sub-320/sub-320_space-T2S_desc-masked_T1.nii.gz
sub-320,256,256,39,1.0,1.0,2.9999762,False,3.521259014423077e-06,0.0,1.0,,,Label,1.0,9.0,uint16,"('L', 'A', 'S')",sub-320_space-T2S_CMB.nii.gz,/datadrive_m2/jorge/data/VALDO_new/sub-320/sub-320_space-T2S_CMB.nii.gz
sub-203,512,512,192,0.488281,0.488281,0.8,False,0.0,0.0,0.0,,,Label,,,float32,"('L', 'A', 'S')",sub-203_space-T2S_CMB.nii.gz,/datadrive_m2/jorge/data/VALDO_new/sub-203/sub-203_space-T2S_CMB.nii.gz
sub-203,512,512,192,0.488281,0.488281,0.8,False,12505.51380109787,0.0,65535.0,T2S,masked,T2,,,float32,"('L', 'A', 'S')",sub-203_space-T2S_desc-masked_T2.nii.gz,/datadrive_m2/jorge/data/VALDO_new/sub-203/sub-203_space-T2S_desc-masked_T2.nii.gz
sub-203,512,512,192,0.488281,0.488281,0.8,False,139.91101615545935,-91.441162109375,4410.598051331937,T2S,masked,T1,,,int16,"('L', 'A', 'S')",sub-203_space-T2S_desc-masked_T1.nii.gz,/datadrive_m2/jorge/data/VALDO_new/sub-203/sub-203_space-T2S_desc-masked_T1.nii.gz
sub-203,512,512,192,0.488281,0.488281,0.8,False,3533.8949738163187,0.0,74050.578125,T2S,masked,T2S,,,float32,"('L', 'A', 'S')",sub-203_space-T2S_desc-masked_T2S.nii.gz,/datadrive_m2/jorge/data/VALDO_new/sub-203/sub-203_space-T2S_desc-masked_T2S.nii.gz
sub-315,256,256,39,1.0,1.0,4.0000224,False,2.3475060096153847e-06,0.0,1.0,,,Label,1.0,6.0,uint16,"('L', 'A', 'S')",sub-315_space-T2S_CMB.nii.gz,/datadrive_m2/jorge/data/VALDO_new/sub-315/sub-315_space-T2S_CMB.nii.gz
sub-315,256,256,39,1.0,1.0,4.0000224,False,17.649034940279446,0.0,305.0,T2S,masked,T2S,,,float32,"('L', 'A', 'S')",sub-315_space-T2S_desc-masked_T2S.nii.gz,/datadrive_m2/jorge/data/VALDO_new/sub-315/sub-315_space-T2S_desc-masked_T2S.nii.gz
sub-315,256,256,39,1.0,1.0,4.0000224,True,107.96665504232041,-45.37324523925781,1105.267578125,T2S,masked,T1,,,float32,"('L', 'A', 'S')",sub-315_space-T2S_desc-masked_T1.nii.gz,/datadrive_m2/jorge/data/VALDO_new/sub-315/sub-315_space-T2S_desc-masked_T1.nii.gz
sub-315,256,256,39,1.0,1.0,4.0000224,True,45.04554841601759,-28.891366958618164,618.0955200195312,T2S,masked,T2,,,float32,"('L', 'A', 'S')",sub-315_space-T2S_desc-masked_T2.nii.gz,/datadrive_m2/jorge/data/VALDO_new/sub-315/sub-315_space-T2S_desc-masked_T2.nii.gz
sub-227,512,512,192,0.488281,0.488281,0.8,False,10865.887112518152,0.0,65535.0,T2S,masked,T2,,,float32,"('L', 'A', 'S')",sub-227_space-T2S_desc-masked_T2.nii.gz,/datadrive_m2/jorge/data/VALDO_new/sub-227/sub-227_space-T2S_desc-masked_T2.nii.gz
sub-227,512,512,192,0.488281,0.488281,0.8,False,2796.1728365895274,0.0,77859.015625,T2S,masked,T2S,,,float32,"('L', 'A', 'S')",sub-227_space-T2S_desc-masked_T2S.nii.gz,/datadrive_m2/jorge/data/VALDO_new/sub-227/sub-227_space-T2S_desc-masked_T2S.nii.gz
sub-227,512,512,192,0.488281,0.488281,0.8,False,101.98226949093458,-76.626708984375,4171.309448227286,T2S,masked,T1,,,int16,"('L', 'A', 'S')",sub-227_space-T2S_desc-masked_T1.nii.gz,/datadrive_m2/jorge/data/VALDO_new/sub-227/sub-227_space-T2S_desc-masked_T1.nii.gz
sub-227,512,512,192,0.488281,0.488281,0.8,False,0.0,0.0,0.0,,,Label,,,float32,"('L', 'A', 'S')",sub-227_space-T2S_CMB.nii.gz,/datadrive_m2/jorge/data/VALDO_new/sub-227/sub-227_space-T2S_CMB.nii.gz
sub-201,512,512,192,0.488281,0.488281,0.8,False,11940.359819451967,0.0,65535.0,T2S,masked,T2,,,float32,"('L', 'A', 'S')",sub-201_space-T2S_desc-masked_T2.nii.gz,/datadrive_m2/jorge/data/VALDO_new/sub-201/sub-201_space-T2S_desc-masked_T2.nii.gz
sub-201,512,512,192,0.488281,0.488281,0.8,False,118.8091626660037,-74.35791015625,3470.4146602377295,T2S,masked,T1,,,int16,"('L', 'A', 'S')",sub-201_space-T2S_desc-masked_T1.nii.gz,/datadrive_m2/jorge/data/VALDO_new/sub-201/sub-201_space-T2S_desc-masked_T1.nii.gz
sub-201,512,512,192,0.488281,0.488281,0.8,False,0.0,0.0,0.0,,,Label,,,float32,"('L', 'A', 'S')",sub-201_space-T2S_CMB.nii.gz,/datadrive_m2/jorge/data/VALDO_new/sub-201/sub-201_space-T2S_CMB.nii.gz
sub-201,512,512,192,0.488281,0.488281,0.8,False,2776.3287981652447,0.0,64072.37109375,T2S,masked,T2S,,,float32,"('L', 'A', 'S')",sub-201_space-T2S_desc-masked_T2S.nii.gz,/datadrive_m2/jorge/data/VALDO_new/sub-201/sub-201_space-T2S_desc-masked_T2S.nii.gz
sub-219,512,512,192,0.488281,0.488281,0.8,False,0.0,0.0,0.0,,,Label,,,float32,"('L', 'A', 'S')",sub-219_space-T2S_CMB.nii.gz,/datadrive_m2/jorge/data/VALDO_new/sub-219/sub-219_space-T2S_CMB.nii.gz
sub-219,512,512,192,0.488281,0.488281,0.8,False,126.7902976023488,-97.200439453125,4948.83633249253,T2S,masked,T1,,,int16,"('L', 'A', 'S')",sub-219_space-T2S_desc-masked_T1.nii.gz,/datadrive_m2/jorge/data/VALDO_new/sub-219/sub-219_space-T2S_desc-masked_T1.nii.gz
sub-219,512,512,192,0.488281,0.488281,0.8,False,13029.606117268404,0.0,65535.0,T2S,masked,T2,,,float32,"('L', 'A', 'S')",sub-219_space-T2S_desc-masked_T2.nii.gz,/datadrive_m2/jorge/data/VALDO_new/sub-219/sub-219_space-T2S_desc-masked_T2.nii.gz
sub-219,512,512,192,0.488281,0.488281,0.8,False,2258.613476993482,0.0,56908.86328125,T2S,masked,T2S,,,float32,"('L', 'A', 'S')",sub-219_space-T2S_desc-masked_T2S.nii.gz,/datadrive_m2/jorge/data/VALDO_new/sub-219/sub-219_space-T2S_desc-masked_T2S.nii.gz
sub-204,512,512,192,0.488281,0.488281,0.8,False,0.0,0.0,0.0,,,Label,,,float32,"('L', 'A', 'S')",sub-204_space-T2S_CMB.nii.gz,/datadrive_m2/jorge/data/VALDO_new/sub-204/sub-204_space-T2S_CMB.nii.gz
sub-204,512,512,192,0.488281,0.488281,0.8,False,97.7352672363496,-119.1055908203125,3552.7463392950594,T2S,masked,T1,,,int16,"('L', 'A', 'S')",sub-204_space-T2S_desc-masked_T1.nii.gz,/datadrive_m2/jorge/data/VALDO_new/sub-204/sub-204_space-T2S_desc-masked_T1.nii.gz
sub-204,512,512,192,0.488281,0.488281,0.8,False,2928.1211154983284,0.0,78692.4140625,T2S,masked,T2S,,,float32,"('L', 'A', 'S')",sub-204_space-T2S_desc-masked_T2S.nii.gz,/datadrive_m2/jorge/data/VALDO_new/sub-204/sub-204_space-T2S_desc-masked_T2S.nii.gz
sub-204,512,512,192,0.488281,0.488281,0.8,False,12593.519258916378,0.0,65535.0,T2S,masked,T2,,,float32,"('L', 'A', 'S')",sub-204_space-T2S_desc-masked_T2.nii.gz,/datadrive_m2/jorge/data/VALDO_new/sub-204/sub-204_space-T2S_desc-masked_T2.nii.gz
sub-216,512,512,192,0.488281,0.488281,0.8,False,13282.978449026743,0.0,65535.0,T2S,masked,T2,,,float32,"('L', 'A', 'S')",sub-216_space-T2S_desc-masked_T2.nii.gz,/datadrive_m2/jorge/data/VALDO_new/sub-216/sub-216_space-T2S_desc-masked_T2.nii.gz
sub-216,512,512,192,0.488281,0.488281,0.8,False,94.33266852433252,-52.4779052734375,3495.090276759118,T2S,masked,T1,,,int16,"('L', 'A', 'S')",sub-216_space-T2S_desc-masked_T1.nii.gz,/datadrive_m2/jorge/data/VALDO_new/sub-216/sub-216_space-T2S_desc-masked_T1.nii.gz
sub-216,512,512,192,0.488281,0.488281,0.8,False,3012.700512048022,0.0,79978.3828125,T2S,masked,T2S,,,float32,"('L', 'A', 'S')",sub-216_space-T2S_desc-masked_T2S.nii.gz,/datadrive_m2/jorge/data/VALDO_new/sub-216/sub-216_space-T2S_desc-masked_T2S.nii.gz
sub-216,512,512,192,0.488281,0.488281,0.8,False,3.0934810638427734e-05,0.0,1.0,,,Label,1.0,1557.0,float32,"('L', 'A', 'S')",sub-216_space-T2S_CMB.nii.gz,/datadrive_m2/jorge/data/VALDO_new/sub-216/sub-216_space-T2S_CMB.nii.gz
sub-306,256,256,39,1.0,1.0,2.999549,False,3.521259014423077e-06,0.0,1.0,,,Label,1.0,9.0,uint16,"('L', 'A', 'S')",sub-306_space-T2S_CMB.nii.gz,/datadrive_m2/jorge/data/VALDO_new/sub-306/sub-306_space-T2S_CMB.nii.gz
sub-306,256,256,39,1.0,1.0,2.999549,False,14.264813154171675,0.0,207.0,T2S,masked,T2S,,,float32,"('L', 'A', 'S')",sub-306_space-T2S_desc-masked_T2S.nii.gz,/datadrive_m2/jorge/data/VALDO_new/sub-306/sub-306_space-T2S_desc-masked_T2S.nii.gz
sub-306,256,256,39,1.0,1.0,2.999549,True,31.4174597233149,-14.998038291931152,446.93426513671875,T2S,masked,T2,,,float32,"('L', 'A', 'S')",sub-306_space-T2S_desc-masked_T2.nii.gz,/datadrive_m2/jorge/data/VALDO_new/sub-306/sub-306_space-T2S_desc-masked_T2.nii.gz
sub-306,256,256,39,1.0,1.0,2.999549,True,59.03064851192527,-23.488351821899414,667.4138793945312,T2S,masked,T1,,,float32,"('L', 'A', 'S')",sub-306_space-T2S_desc-masked_T1.nii.gz,/datadrive_m2/jorge/data/VALDO_new/sub-306/sub-306_space-T2S_desc-masked_T1.nii.gz
sub-205,512,512,192,0.488281,0.488281,0.8,False,0.0,0.0,0.0,,,Label,,,float32,"('L', 'A', 'S')",sub-205_space-T2S_CMB.nii.gz,/datadrive_m2/jorge/data/VALDO_new/sub-205/sub-205_space-T2S_CMB.nii.gz
sub-205,512,512,192,0.488281,0.488281,0.8,False,107.32234963850617,-92.15771484375,3145.3927368186414,T2S,masked,T1,,,int16,"('L', 'A', 'S')",sub-205_space-T2S_desc-masked_T1.nii.gz,/datadrive_m2/jorge/data/VALDO_new/sub-205/sub-205_space-T2S_desc-masked_T1.nii.gz
sub-205,512,512,192,0.488281,0.488281,0.8,False,15266.18178943793,0.0,65535.0,T2S,masked,T2,,,float32,"('L', 'A', 'S')",sub-205_space-T2S_desc-masked_T2.nii.gz,/datadrive_m2/jorge/data/VALDO_new/sub-205/sub-205_space-T2S_desc-masked_T2.nii.gz
sub-205,512,512,192,0.488281,0.488281,0.8,False,3708.90699550458,0.0,71540.0078125,T2S,masked,T2S,,,float32,"('L', 'A', 'S')",sub-205_space-T2S_desc-masked_T2S.nii.gz,/datadrive_m2/jorge/data/VALDO_new/sub-205/sub-205_space-T2S_desc-masked_T2S.nii.gz
